id,country_id,region_id,country,region,source,household_size,nr_adults,year,LCU,USD,EUR,household_equiv,links
1,5.0,41,Angola,Rural / coffee-producing households in Cuanza Sul province,New Foresight,7.5,2.0,2023.0,4474488.0,0,0,3.15,https://www.globallivingwage.org/living-wage-reference-value-non-metropolitan-urban-argentina/
2,7.0,11,Argentina,Non-Metropolitan Urban / All,Calculated from Global Living Wage Coalition,4.0,2.0,2022.0,148722.72,0,0,2.1,https://www.globallivingwage.org/living-wage-reference-value-non-metropolitan-urban-argentina/
3,7.0,11,Argentina,Non-Metropolitan Urban / All,Calculated from Global Living Wage Coalition,4.0,2.0,2023.0,3847528.08,0,0,2.1,https://globallivingwage.org/living-income-reference-value-rural-argentina/
4,7.0,11,Argentina,Non-Metropolitan Urban / All,Calculated from Global Living Wage Coalition,4.0,2.0,2024.0,17222513.28,0,0,2.1,https://www.globallivingwage.org/reference-value/living-wage-reference-value-non-metropolitan-urban-argentina/
5,7.0,17,Argentina,Rural / All,Global Living Wage Coalition,4.0,2.0,2022.0,123203.0,0,0,2.1,https://globallivingwage.org/living-income-reference-value-rural-argentina/
6,7.0,17,Argentina,Rural / All,Global Living Wage Coalition,4.0,2.0,2023.0,3187332.0,0,0,2.1,https://www.globallivingwage.org/living-wage-benchmarks/urban-bangladesh-surrounding-dhaka/
7,7.0,17,Argentina,Rural / All,Global Living Wage Coalition,4.0,2.0,2024.0,11841900.0,0,0,2.1,https://www.globallivingwage.org/reference-value/living-income-reference-value-rural-argentina/
8,15.0,55,Bangladesh,Urban / Dhaka City,Calculated from Global Living Wage Coalition,4.0,2.0,2022.0,36724.0,0,0,2.1,https://www.globallivingwage.org/living-wage-benchmarks/urban-bangladesh-surrounding-dhaka/
9,15.0,55,Bangladesh,Urban / Dhaka City,Calculated from Global Living Wage Coalition,4.0,2.0,2023.0,482736.0,0,0,2.1,https://www.globallivingwage.org/living-wage-benchmarks/living-wage-for-rural-belize/
10,15.0,55,Bangladesh,Urban / Dhaka City,Calculated from Global Living Wage Coalition,4.0,2.0,2024.0,528972.0,0,0,2.1,https://www.globallivingwage.org/living-wage-benchmarks/urban-bangladesh/
11,15.0,63,Bangladesh,Urban / Satellite Cities,Calculated from Global Living Wage Coalition,4.0,2.0,2022.0,30408.0,0,0,2.1,https://www.globallivingwage.org/living-wage-benchmarks/urban-bangladesh-surrounding-dhaka/
12,15.0,63,Bangladesh,Urban / Satellite Cities,Calculated from Global Living Wage Coalition,4.0,2.0,2023.0,399708.0,0,0,2.1,https://www.globallivingwage.org/living-wage-benchmarks/urban-bangladesh-surrounding-dhaka/
13,15.0,63,Bangladesh,Urban / Satellite Cities,Calculated from Global Living Wage Coalition,4.0,2.0,2024.0,437988.0,0,0,2.1,https://www.globallivingwage.org/living-wage-benchmarks/urban-bangladesh-surrounding-dhaka/
14,19.0,17,Belize,Rural / All,Calculated from Global Living Wage Coalition,4.0,2.0,2022.0,1477.0,0,0,2.1,https://www.globallivingwage.org/living-wage-benchmarks/living-wage-for-rural-belize/
15,19.0,17,Belize,Rural / All,Calculated from Global Living Wage Coalition,4.0,2.0,2023.0,18936.0,0,0,2.1,https://www.globallivingwage.org/living-wage-benchmarks/urban-brazil/
16,19.0,17,Belize,Rural / All,Calculated from Global Living Wage Coalition,4.0,2.0,2024.0,19656.0,0,0,2.1,https://www.globallivingwage.org/living-wage-benchmarks/living-wage-for-rural-belize/
17,26.0,74,Brazil,Ceará / North/Northwest/Sertões Region,Global Living Wage Coalition Living income estimate,4.0,2.0,2024.0,34896.0,0,0,2.1,https://globallivingwage.org/subnational-estimates/living-wage-and-living-income-sub-national-estimates-for-the-north-northwest-and-sertoes-regions-state-of-ceara-brazil/
18,26.0,1,Brazil,Cocoa growing regions / Belém and the metropolitan area,Global Living Wage Coalition Living income estimate,4.0,2.0,2021.0,41952.0,0,0,2.1,https://globallivingwage.org/resource-library/?fwp_country=brazil
19,26.0,1,Brazil,Cocoa growing regions / Belém and the metropolitan area,Global Living Wage Coalition Living income estimate,4.0,2.0,2021.0,3496.0,0,0,2.1,https://globallivingwage.org/resource-library/?fwp_country=brazil
20,26.0,2,Brazil,Cocoa growing regions / East Rondônia,Global Living Wage Coalition Living income estimate,4.0,2.0,2021.0,35964.0,0,0,2.1,https://globallivingwage.org/resource-library/?fwp_country=brazil
21,26.0,2,Brazil,Cocoa growing regions / East Rondônia,Global Living Wage Coalition Living income estimate,4.0,2.0,2021.0,2997.0,0,0,2.1,https://globallivingwage.org/resource-library/?fwp_country=brazil
22,26.0,3,Brazil,Cocoa growing regions / South Bahia,Global Living Wage Coalition Living income estimate,4.0,2.0,2021.0,32028.0,0,0,2.1,https://globallivingwage.org/resource-library/?fwp_country=brazil
23,26.0,3,Brazil,Cocoa growing regions / South Bahia,Global Living Wage Coalition Living income estimate,4.0,2.0,2021.0,2669.0,0,0,2.1,https://globallivingwage.org/resource-library/?fwp_country=brazil
24,26.0,4,Brazil,Cocoa growing regions / Southeast Pará,Global Living Wage Coalition Living income estimate,4.0,2.0,2021.0,39288.0,0,0,2.1,https://globallivingwage.org/resource-library/?fwp_country=brazil
25,26.0,4,Brazil,Cocoa growing regions / Southeast Pará,Global Living Wage Coalition Living income estimate,4.0,2.0,2021.0,3274.0,0,0,2.1,https://globallivingwage.org/resource-library/?fwp_country=brazil
26,26.0,5,Brazil,Cocoa growing regions / Southwest Pará,Global Living Wage Coalition Living income estimate,4.0,2.0,2021.0,39288.0,0,0,2.1,https://globallivingwage.org/resource-library/?fwp_country=brazil
27,26.0,5,Brazil,Cocoa growing regions / Southwest Pará,Global Living Wage Coalition Living income estimate,4.0,2.0,2021.0,3274.0,0,0,2.1,https://globallivingwage.org/resource-library/?fwp_country=brazil
28,26.0,6,Brazil,Coffee growing regions / Triângulo Mineiro/Alto Paranaíba,Global Living Wage Coalition Living income estimate,4.0,2.0,2021.0,47040.0,0,0,2.1,https://www.globallivingwage.org/living-income-reference-value%e2%81%a0-rural-burkina-faso/
29,26.0,6,Brazil,Coffee growing regions / Triângulo Mineiro/Alto Paranaíba,Global Living Wage Coalition Living income estimate,4.0,2.0,2021.0,3920.0,0,0,2.1,https://globallivingwage.org/resource-library/?fwp_country=brazil
30,26.0,7,Brazil,Coffee growing regions / Zona da Mata mineira,Global Living Wage Coalition Living income estimate,4.0,2.0,2021.0,39396.0,0,0,2.1,https://globallivingwage.org/resource-library/?fwp_country=brazil
31,26.0,7,Brazil,Coffee growing regions / Zona da Mata mineira,Global Living Wage Coalition Living income estimate,4.0,2.0,2021.0,3283.0,0,0,2.1,https://globallivingwage.org/resource-library/?fwp_country=brazil
32,26.0,8,Brazil,Coffee or Cocoa growing regions / Northwest Espírito Santo,Global Living Wage Coalition Living income estimate,4.0,2.0,2021.0,39396.0,0,0,2.1,https://globallivingwage.org/resource-library/?fwp_country=brazil
33,26.0,8,Brazil,Coffee or Cocoa growing regions / Northwest Espírito Santo,Global Living Wage Coalition Living income estimate,4.0,2.0,2021.0,3283.0,0,0,2.1,https://globallivingwage.org/resource-library/?fwp_country=brazil
34,26.0,75,Brazil,Non-capital State / Piauí,Global Living Wage Coalition Living income estimate,4.0,2.0,2024.0,41784.0,0,0,2.1,https://globallivingwage.org/subnational-estimates/living-wage-and-living-income-sub-national-estimates-for-non-capital-state-of-piaui-brazil/
35,26.0,13,Brazil,"Non-metropolitan / State of São Paulo, non-metropolitan areas",Calculated from Global Living Wage Coalition,4.0,2.0,2022.0,4517.0,0,0,2.1,https://www.globallivingwage.org/living-wage-benchmarks/living-wage-for-non-metropolitan-brazil/
36,26.0,13,Brazil,"Non-metropolitan / State of São Paulo, non-metropolitan areas",Calculated from Global Living Wage Coalition,4.0,2.0,2023.0,56340.0,0,0,2.1,https://globallivingwage.org/resource-library/?fwp_country=brazil
37,26.0,13,Brazil,"Non-metropolitan / State of São Paulo, non-metropolitan areas",Calculated from Global Living Wage Coalition,4.0,2.0,2024.0,58428.0,0,0,2.1,https://www.globallivingwage.org/living-wage-benchmarks/living-wage-for-non-metropolitan-brazil/
38,26.0,77,Brazil,Rural / Central-Eastern Rio Grande do Sul,Global Living Wage Coalition Living income estimate,4.0,2.0,2024.0,62856.0,0,0,2.1,https://globallivingwage.org/living-wage-benchmarks/living-income-report-for-rural-central-eastern-rio-grande-do-sul-brazil/
39,26.0,83,Brazil,State of Rio Grande do Sul / RS01,Global Living Wage Coalition Living income estimate,4.0,2.0,2024.0,55020.0,0,0,2.1,https://globallivingwage.org/subnational-estimates/living-wage-and-living-income-sub-national-estimates-for-the-state-of-rio-grande-do-sul/
40,26.0,84,Brazil,State of Rio Grande do Sul / RS02,Global Living Wage Coalition Living income estimate,4.0,2.0,2024.0,61836.0,0,0,2.1,https://globallivingwage.org/subnational-estimates/living-wage-and-living-income-sub-national-estimates-for-the-state-of-rio-grande-do-sul/
41,26.0,85,Brazil,State of Rio Grande do Sul / RS03,Global Living Wage Coalition Living income estimate,4.0,2.0,2024.0,67044.0,0,0,2.1,https://globallivingwage.org/subnational-estimates/living-wage-and-living-income-sub-national-estimates-for-the-state-of-rio-grande-do-sul/
42,26.0,86,Brazil,State of Rio Grande do Sul / RS04,Global Living Wage Coalition Living income estimate,4.0,2.0,2024.0,83340.0,0,0,2.1,https://globallivingwage.org/subnational-estimates/living-wage-and-living-income-sub-national-estimates-for-the-state-of-rio-grande-do-sul/
43,26.0,87,Brazil,State of Santa Catarina / SC01,Global Living Wage Coalition Living income estimate,4.0,2.0,2024.0,47868.0,0,0,2.1,https://globallivingwage.org/subnational-estimates/living-wage-and-living-income-sub-national-estimates-for-the-state-of-rio-grande-do-sul/
44,26.0,88,Brazil,State of Santa Catarina / SC02,Global Living Wage Coalition Living income estimate,4.0,2.0,2024.0,58896.0,0,0,2.1,https://globallivingwage.org/subnational-estimates/living-wage-and-living-income-sub-national-estimates-for-the-state-of-santa-catarina/
45,26.0,89,Brazil,State of Santa Catarina / SC03,Global Living Wage Coalition Living income estimate,4.0,2.0,2024.0,62472.0,0,0,2.1,https://globallivingwage.org/subnational-estimates/living-wage-and-living-income-sub-national-estimates-for-the-state-of-santa-catarina/
46,26.0,90,Brazil,State of São Paulo / SP01,Global Living Wage Coalition Living income estimate,4.0,2.0,2024.0,51372.0,0,0,2.1,https://globallivingwage.org/subnational-estimates/living-wage-and-living-income-sub-national-estimates-for-the-state-of-sao-paulo//
47,26.0,91,Brazil,State of São Paulo / SP02,Global Living Wage Coalition Living income estimate,4.0,2.0,2024.0,55608.0,0,0,2.1,https://globallivingwage.org/subnational-estimates/living-wage-and-living-income-sub-national-estimates-for-the-state-of-sao-paulo//
48,26.0,92,Brazil,State of São Paulo / SP03,Global Living Wage Coalition Living income estimate,4.0,2.0,2024.0,60060.0,0,0,2.1,https://globallivingwage.org/subnational-estimates/living-wage-and-living-income-sub-national-estimates-for-the-state-of-sao-paulo//
49,26.0,93,Brazil,State of São Paulo / SP04,Global Living Wage Coalition Living income estimate,4.0,2.0,2024.0,63756.0,0,0,2.1,https://globallivingwage.org/subnational-estimates/living-wage-and-living-income-sub-national-estimates-for-the-state-of-sao-paulo//
50,26.0,94,Brazil,State of São Paulo / SP05,Global Living Wage Coalition Living income estimate,4.0,2.0,2024.0,71580.0,0,0,2.1,https://globallivingwage.org/subnational-estimates/living-wage-and-living-income-sub-national-estimates-for-the-state-of-sao-paulo//
51,26.0,58,Brazil,Urban / Minas Gerais South/Southwestern Region,Calculated from Global Living Wage Coalition,4.0,2.0,2022.0,3751.0,0,0,2.1,https://www.globallivingwage.org/living-wage-benchmarks/urban-brazil/
52,26.0,58,Brazil,Urban / Minas Gerais South/Southwestern Region,Calculated from Global Living Wage Coalition,4.0,2.0,2023.0,46788.0,0,0,2.1,https://www.globallivingwage.org/living-wage-benchmarks/living-wage-for-non-metropolitan-brazil/
53,26.0,58,Brazil,Urban / Minas Gerais South/Southwestern Region,Calculated from Global Living Wage Coalition,4.0,2.0,2024.0,48516.0,0,0,2.1,https://www.globallivingwage.org/living-wage-benchmarks/urban-brazil/
54,30.0,17,Burkina Faso,Rural / All,Global Living Wage Coalition,5.5,2.0,2022.0,105265.0,0,0,2.55,https://www.globallivingwage.org/living-income-reference-value%e2%81%a0-rural-burkina-faso/
55,30.0,17,Burkina Faso,Rural / All,Global Living Wage Coalition,5.5,2.0,2023.0,1253232.0,0,0,2.55,https://www.globallivingwage.org/living-wage-reference-value-urban-cambodia/
56,30.0,17,Burkina Faso,Rural / All,Global Living Wage Coalition,5.5,2.0,2024.0,1284072.0,0,0,2.55,https://www.globallivingwage.org/reference-value/living-income-reference-value%e2%81%a0-rural-burkina-faso/
57,33.0,53,Cambodia,Urban / All,Global Living Wage Coalition,4.0,2.0,2022.0,1671377.4,0,0,2.1,https://www.globallivingwage.org/living-wage-reference-value-urban-cambodia/
58,33.0,53,Cambodia,Urban / All,Calculated from Global Living Wage Coalition,4.0,2.0,2023.0,20062857.6,0,0,2.1,https://www.globallivingwage.org/wp-content/uploads/2022/10/Cameroon-Living-Income-Update-2022-FV-09262022.pdf
59,33.0,53,Cambodia,Urban / All,Calculated from Global Living Wage Coalition,4.0,2.0,2024.0,20616120.0,0,0,2.1,https://www.globallivingwage.org/living-wage-reference-value-urban-cambodia/
60,34.0,17,Cameroon,Rural / All,Global Living Wage Coalition,5.5,2.0,2022.0,169012.0,0,0,2.55,https://www.globallivingwage.org/wp-content/uploads/2022/10/Cameroon-Living-Income-Update-2022-FV-09262022.pdf
61,34.0,17,Cameroon,Rural / All,Global Living Wage Coalition,5.5,2.0,2023.0,2188188.0,0,0,2.55,https://www.globallivingwage.org/living-wage-reference-value-non-metropolitan-urban-chile/
62,34.0,17,Cameroon,Rural / All,Global Living Wage Coalition,5.5,2.0,2024.0,2284272.0,0,0,2.55,https://www.globallivingwage.org/reference-value/living-income-reference-value-rural-cameroon/
63,34.0,53,Cameroon,Urban / All,Calculated from Global Living Wage Coalition,5.0,2.0,2023.0,2936807.04,0,0,2.4,https://www.globallivingwage.org/reference-value/living-wage-reference-value-rural-chad/
64,34.0,53,Cameroon,Urban / All,Calculated from Global Living Wage Coalition,5.0,2.0,2024.0,3736444.8,0,0,2.4,https://www.globallivingwage.org/reference-value/living-wage-reference-value-for-urban-cameroon/
65,38.0,17,Chad,Rural / All,Calculated from  Global Living Wage Coalition,6.0,2.0,2022.0,117986.4,0,0,2.7,https://www.globallivingwage.org/reference-value/living-wage-reference-value-rural-chad/
66,38.0,17,Chad,Rural / All,Calculated from  Global Living Wage Coalition,6.0,2.0,2023.0,1561533.12,0,0,2.7,https://www.globallivingwage.org/living-wage-benchmarks/living-wage-for-zhengzhou-china/
67,38.0,17,Chad,Rural / All,Calculated from  Global Living Wage Coalition,6.0,2.0,2024.0,1847885.76,0,0,2.7,https://www.globallivingwage.org/reference-value/living-wage-reference-value-rural-chad/
68,39.0,11,Chile,Non-Metropolitan Urban / All,Calculated from  Global Living Wage Coalition,4.0,2.0,2022.0,1019133.0,0,0,2.1,https://www.globallivingwage.org/living-wage-reference-value-non-metropolitan-urban-chile/
69,39.0,11,Chile,Non-Metropolitan Urban / All,Calculated from  Global Living Wage Coalition,4.0,2.0,2023.0,13154328.0,0,0,2.1,https://www.globallivingwage.org/living-wage-benchmarks/urban-chengdu-china/
70,39.0,11,Chile,Non-Metropolitan Urban / All,Calculated from  Global Living Wage Coalition,4.0,2.0,2024.0,16553416.8,0,0,2.1,https://www.globallivingwage.org/reference-value/living-wage-reference-value-non-metropolitan-urban-chile/
71,40.0,54,China,Urban / Chengdu,Calculated from  Global Living Wage Coalition,3.5,2.0,2022.0,4364.0,0,0,1.95,https://www.globallivingwage.org/living-wage-benchmarks/urban-chengdu-china/
72,40.0,54,China,Urban / Chengdu,Calculated from  Global Living Wage Coalition,3.5,2.0,2023.0,52476.0,0,0,1.95,https://www.globallivingwage.org/living-wage-benchmarks/urban-shanghai-china/
73,40.0,54,China,Urban / Chengdu,Calculated from  Global Living Wage Coalition,3.5,2.0,2024.0,52476.0,0,0,1.95,https://www.globallivingwage.org/living-wage-benchmarks/urban-chengdu-china/
74,40.0,56,China,Urban / Hangzhou,Calculated from  Global Living Wage Coalition,3.5,2.0,2022.0,6961.0,0,0,1.95,https://www.globallivingwage.org/living-wage-benchmarks/urban-hangzhou-china/
75,40.0,56,China,Urban / Hangzhou,Calculated from  Global Living Wage Coalition,3.5,2.0,2023.0,83256.0,0,0,1.95,https://www.globallivingwage.org/living-wage-benchmarks/urban-shenzhen-china/
76,40.0,56,China,Urban / Hangzhou,Calculated from  Global Living Wage Coalition,3.5,2.0,2024.0,83544.0,0,0,1.95,https://www.globallivingwage.org/living-wage-benchmarks/urban-hangzhou-china/
77,40.0,64,China,Urban / Shanghai,Calculated from  Global Living Wage Coalition,3.5,2.0,2022.0,7499.0,0,0,1.95,https://www.globallivingwage.org/living-wage-benchmarks/urban-shanghai-china/
78,40.0,64,China,Urban / Shanghai,Calculated from  Global Living Wage Coalition,3.5,2.0,2023.0,90120.0,0,0,1.95,https://www.globallivingwage.org/living-wage-benchmarks/urban-suzhou-china/
79,40.0,64,China,Urban / Shanghai,Calculated from  Global Living Wage Coalition,3.5,2.0,2024.0,90444.0,0,0,1.95,https://www.globallivingwage.org/living-wage-benchmarks/urban-shanghai-china/
80,40.0,65,China,Urban / Shenzhen,Calculated from  Global Living Wage Coalition,3.5,2.0,2022.0,5125.0,0,0,1.95,https://www.globallivingwage.org/living-wage-benchmarks/urban-shenzhen-china/
81,40.0,65,China,Urban / Shenzhen,Calculated from  Global Living Wage Coalition,3.5,2.0,2023.0,61716.0,0,0,1.95,https://www.globallivingwage.org/living-wage-benchmarks/living-wage-for-rural-areas-small-towns-colombia/
82,40.0,65,China,Urban / Shenzhen,Calculated from  Global Living Wage Coalition,3.5,2.0,2024.0,61872.0,0,0,1.95,https://www.globallivingwage.org/living-wage-benchmarks/urban-shenzhen-china/
83,40.0,67,China,Urban / Suzhou,Calculated from Global Living Wage Coalition,3.5,2.0,2022.0,6444.0,0,0,1.95,https://www.globallivingwage.org/living-wage-benchmarks/urban-suzhou-china/
84,40.0,67,China,Urban / Suzhou,Calculated from Global Living Wage Coalition,3.5,2.0,2023.0,77172.0,0,0,1.95,https://www.globallivingwage.org/living-wage-benchmarks/living-wage-for-caribbean-coast-of-colombia/
85,40.0,67,China,Urban / Suzhou,Calculated from Global Living Wage Coalition,3.5,2.0,2024.0,77808.0,0,0,1.95,https://www.globallivingwage.org/living-wage-benchmarks/urban-suzhou-china/
86,40.0,70,China,Urban / Zhengzhou,Calculated from  Global Living Wage Coalition,3.5,2.0,2022.0,5072.0,0,0,1.95,https://www.globallivingwage.org/living-wage-benchmarks/living-wage-for-zhengzhou-china/
87,40.0,70,China,Urban / Zhengzhou,Calculated from  Global Living Wage Coalition,3.5,2.0,2023.0,59940.0,0,0,1.95,https://www.globallivingwage.org/living-wage-benchmarks/urban-hangzhou-china/
88,40.0,70,China,Urban / Zhengzhou,Calculated from  Global Living Wage Coalition,3.5,2.0,2024.0,60096.0,0,0,1.95,https://www.globallivingwage.org/living-wage-benchmarks/living-wage-for-zhengzhou-china/
89,41.0,35,Colombia,Rural / Rural Areas and Small Towns,Global Living Wage Coalition,4.0,2.0,2022.0,2706322.0,0,0,2.1,https://www.globallivingwage.org/living-wage-benchmarks/living-wage-for-rural-areas-small-towns-colombia/
90,41.0,35,Colombia,Rural / Rural Areas and Small Towns,Calculated from Global Living Wage Coalition,4.0,2.0,2023.0,36414552.0,0,0,2.1,https://www.globallivingwage.org/living-wage-benchmarks/rural-costa-rica-limon-and-heredia-provinces/
91,41.0,35,Colombia,Rural / Rural Areas and Small Towns,Calculated from Global Living Wage Coalition,4.0,2.0,2024.0,39027648.0,0,0,2.1,https://www.globallivingwage.org/living-wage-benchmarks/living-wage-for-rural-areas-small-towns-colombia/
92,41.0,71,Colombia,Urban-Rural / Caribbean coast,Calculated from  Global Living Wage Coalition,4.0,2.0,2022.0,2786036.0,0,0,2.1,https://www.globallivingwage.org/living-wage-benchmarks/living-wage-for-caribbean-coast-of-colombia/
93,41.0,71,Colombia,Urban-Rural / Caribbean coast,Calculated from  Global Living Wage Coalition,4.0,2.0,2023.0,37487148.0,0,0,2.1,https://www.globallivingwage.org/living-wage-reference-value-rural-cote-divoire/
94,41.0,71,Colombia,Urban-Rural / Caribbean coast,Calculated from  Global Living Wage Coalition,4.0,2.0,2024.0,40177212.0,0,0,2.1,https://www.globallivingwage.org/living-wage-benchmarks/living-wage-for-caribbean-coast-of-colombia/
96,43.0,18,"Congo, Dem. Rep.",Rural / All/ Congo Kinshasa,Living Income Reference Value,6.0,2.0,2022.0,405685.0,0,0,2.7,https://www.globallivingwage.org/living-income-reference-value-rural-democratic-republic-of-congo/
97,43.0,18,"Congo, Dem. Rep.",Rural / All/ Congo Kinshasa,Living Income Reference Value,6.0,2.0,2023.0,5843748.0,0,0,2.7,https://www.globallivingwage.org/living-wage-benchmarks/living-wage-for-rural-ecuador/
98,44.0,24,"Congo, Rep.",Rural / Congo/Congo Brazzaville,Calculated from  Global Living Wage Coalition,5.5,2.0,2022.0,182630.37,0,0,2.55,https://www.globallivingwage.org/reference-value/living-wage-reference-value%e2%81%a0-rural-republic-of-congo/
99,44.0,24,"Congo, Rep.",Rural / Congo/Congo Brazzaville,Calculated from  Global Living Wage Coalition,5.5,2.0,2023.0,2281006.08,0,0,2.55,https://www.globallivingwage.org/living-wage-benchmarks/rural-dominican-republic/
100,45.0,30,Costa Rica,Rural / Limón and Heredia Provinces,Calculated from  Global Living Wage Coalition,4.0,2.0,2022.0,689109.0,0,0,2.1,https://www.globallivingwage.org/living-wage-benchmarks/rural-costa-rica-limon-and-heredia-provinces/
101,45.0,30,Costa Rica,Rural / Limón and Heredia Provinces,Calculated from  Global Living Wage Coalition,4.0,2.0,2023.0,8183556.0,0,0,2.1,https://www.living-income.com/_files/ugd/0c5ab3_9aef39b2ef654ab6a8f7bc4dd2bdb026.pdf
102,45.0,30,Costa Rica,Rural / Limón and Heredia Provinces,Calculated from  Global Living Wage Coalition,4.0,2.0,2024.0,8180976.0,0,0,2.1,https://www.globallivingwage.org/living-wage-benchmarks/rural-costa-rica-limon-and-heredia-provinces/
103,46.0,17,Cote d'Ivoire,Rural / All,Calculated from  Global Living Wage Coalition,5.5,2.0,2022.0,202071.1,0,0,2.55,https://www.globallivingwage.org/living-wage-reference-value-rural-cote-divoire/
104,46.0,17,Cote d'Ivoire,Rural / All,Calculated from  Global Living Wage Coalition,5.5,2.0,2023.0,2559764.76,0,0,2.55,https://www.globallivingwage.org/reference-value/living-wage-reference-value%e2%81%a0-rural-republic-of-congo/
105,46.0,22,Cote d'Ivoire,Rural / Cocoa growing areas,Living Income Community of Practice,6.0,2.0,2022.0,3587796.0,0,0,2.7,https://www.globallivingwage.org/living-income-reference-value-rural-democratic-republic-of-congo/
106,46.0,22,Cote d'Ivoire,Rural / Cocoa growing areas,Living Income Community of Practice,6.0,2.0,2022.0,298983.0,0,0,2.7,https://www.living-income.com/_files/ugd/0c5ab3_9aef39b2ef654ab6a8f7bc4dd2bdb026.pdf
110,54.0,34,Dominican Republic,Rural / Northern Region,Calculated from Global Living Wage Coalition,4.0,2.0,2022.0,31168.0,0,0,2.1,https://www.globallivingwage.org/living-wage-benchmarks/rural-dominican-republic/
111,54.0,34,Dominican Republic,Rural / Northern Region,Calculated from Global Living Wage Coalition,4.0,2.0,2023.0,518496.0,0,0,2.1,https://globallivingwage.org/reference-value/living-wage-reference-value-urban-el-salvador/
112,54.0,34,Dominican Republic,Rural / Northern Region,Calculated from Global Living Wage Coalition,4.0,2.0,2024.0,535164.0,0,0,2.1,https://www.globallivingwage.org/living-wage-benchmarks/rural-dominican-republic/
113,54.0,62,Dominican Republic,Urban / Santo Domingo,Calculated from Global Living Wage Coalition,4.0,2.0,2023.0,706524.0,0,0,2.1,https://www.globallivingwage.org/living-wage-reference-value-rural-egypt/
114,54.0,62,Dominican Republic,Urban / Santo Domingo,Calculated from Global Living Wage Coalition,4.0,2.0,2024.0,731004.0,0,0,2.1,https://www.globallivingwage.org/living-wage-benchmarks/living-wage-for-santo-domingo-dominican-republic/
116,55.0,38,Ecuador,Rural / Southern Coastal Region,Calculated from  Global Living Wage Coalition,4.0,2.0,2022.0,712.0,0,0,2.1,https://www.globallivingwage.org/living-wage-benchmarks/living-wage-for-rural-ecuador/
117,55.0,38,Ecuador,Rural / Southern Coastal Region,Calculated from  Global Living Wage Coalition,4.0,2.0,2023.0,8688.0,0,0,2.1,https://globallivingwage.org/reference-value/living-wage-reference-value-rural-el-salvador/
118,55.0,38,Ecuador,Rural / Southern Coastal Region,Calculated from  Global Living Wage Coalition,4.0,2.0,2024.0,8796.0,0,0,2.1,https://www.globallivingwage.org/living-wage-benchmarks/living-wage-for-rural-ecuador/
120,56.0,17,"Egypt, Arab Rep.",Rural / All,Calculated from  Global Living Wage Coalition,5.0,2.0,2022.0,6635.61,0,0,2.4,https://www.globallivingwage.org/living-wage-reference-value-rural-egypt/
121,56.0,17,"Egypt, Arab Rep.",Rural / All,Calculated from  Global Living Wage Coalition,5.0,2.0,2023.0,109021.68,0,0,2.4,https://globallivingwage.org/resource-library/?fwp_country=ethiopia
122,57.0,17,El Salvador,Rural / All,Calculated from  Global Living Wage Coalition,4.5,2.0,2022.0,559.68,0,0,2.25,https://globallivingwage.org/reference-value/living-wage-reference-value-rural-el-salvador/
123,57.0,17,El Salvador,Rural / All,Calculated from  Global Living Wage Coalition,4.5,2.0,2023.0,6964.2,0,0,2.25,https://www.globallivingwage.org/living-wage-reference-value%e2%81%a0-rural-and-urban-gabon/
124,57.0,17,El Salvador,Rural / All,Calculated from  Global Living Wage Coalition,4.5,2.0,2024.0,7880.04,0,0,2.25,https://globallivingwage.org/reference-value/living-wage-reference-value-rural-el-salvador/
125,57.0,53,El Salvador,Urban / All,Calculated from  Global Living Wage Coalition,4.0,2.0,2022.0,726.96,0,0,2.1,https://globallivingwage.org/reference-value/living-wage-reference-value-urban-el-salvador/
126,57.0,53,El Salvador,Urban / All,Calculated from  Global Living Wage Coalition,4.0,2.0,2023.0,9060.48,0,0,2.1,https://www.globallivingwage.org/living-wage-benchmarks/non-metropolitan-urban-ethiopia/
127,57.0,53,El Salvador,Urban / All,Calculated from  Global Living Wage Coalition,4.0,2.0,2024.0,10239.84,0,0,2.1,https://globallivingwage.org/reference-value/living-wage-reference-value-urban-el-salvador/
128,62.0,12,Ethiopia,Non-Metropolitan Urban / Ziway Region,Calculated from  Global Living Wage Coalition,5.0,2.0,2022.0,12995.0,0,0,2.4,https://www.globallivingwage.org/living-wage-benchmarks/non-metropolitan-urban-ethiopia/
129,62.0,12,Ethiopia,Non-Metropolitan Urban / Ziway Region,Calculated from  Global Living Wage Coalition,5.0,2.0,2023.0,204984.0,0,0,2.4,https://www.globallivingwage.org/living-wage-benchmarks/ghana/
130,62.0,12,Ethiopia,Non-Metropolitan Urban / Ziway Region,Calculated from  Global Living Wage Coalition,5.0,2.0,2024.0,245772.0,0,0,2.4,https://www.globallivingwage.org/living-wage-benchmarks/non-metropolitan-urban-ethiopia/
131,62.0,50,Ethiopia,Rural Guji zone / Oromia Region,Global Living Wage Coalition,4.88,2.0,2021.0,102528.0,0,0,2.36,https://www.globallivingwage.org/living-wage-reference-value%e2%81%a0-rural-and-urban-gabon/
132,62.0,50,Ethiopia,Rural Guji zone / Oromia Region,Global Living Wage Coalition,4.88,2.0,2021.0,8544.0,0,0,2.364,https://globallivingwage.org/resource-library/?fwp_country=ethiopia
133,67.0,17,Gabon,Rural / All,Calculated from  Global Living Wage Coalition,5.0,2.0,2022.0,312175.05,0,0,2.4,https://www.globallivingwage.org/living-wage-reference-value%e2%81%a0-rural-and-urban-gabon/
134,67.0,17,Gabon,Rural / All,Calculated from  Global Living Wage Coalition,5.0,2.0,2023.0,4060940.4,0,0,2.4,https://globallivingwage.org/reference-value/living-wage-reference-value-urban-guatemala/
135,67.0,17,Gabon,Rural / All,Calculated from  Global Living Wage Coalition,5.0,2.0,2024.0,4520498.4,0,0,2.4,https://globallivingwage.org/reference-value/living-wage-reference-value%e2%81%a0-rural-gabon/
136,67.0,53,Gabon,Urban / All,Calculated from  Global Living Wage Coalition,5.0,2.0,2022.0,413643.45,0,0,2.4,https://www.globallivingwage.org/living-wage-reference-value%e2%81%a0-rural-and-urban-gabon/
137,67.0,53,Gabon,Urban / All,Calculated from  Global Living Wage Coalition,5.0,2.0,2023.0,5380887.6,0,0,2.4,https://www.living-income.com/_files/ugd/0c5ab3_ccd80a4924e44ae797ea4c0966c02fc9.pdf
138,67.0,53,Gabon,Urban / All,Calculated from  Global Living Wage Coalition,5.0,2.0,2024.0,5989836.6,0,0,2.4,https://globallivingwage.org/reference-value/living-wage-reference-value%e2%81%a0-urban-gabon/
139,71.0,16,Ghana,Peri-Urban / Lower Volta Region,Calculated from  Global Living Wage Coalition,4.5,2.0,2022.0,3033.0,0,0,2.25,https://www.globallivingwage.org/living-wage-benchmarks/ghana/
140,71.0,16,Ghana,Peri-Urban / Lower Volta Region,Calculated from  Global Living Wage Coalition,4.5,2.0,2023.0,49416.0,0,0,2.25,https://www.globallivingwage.org/living-wage-benchmarks/rural-guatemala/
141,71.0,16,Ghana,Peri-Urban / Lower Volta Region,Calculated from  Global Living Wage Coalition,4.5,2.0,2024.0,60660.0,0,0,2.25,https://www.globallivingwage.org/living-wage-benchmarks/ghana/
142,71.0,23,Ghana,"Rural / Cocoa growing areas of Ashanti, Central, Eastern, Western Regions",Living Income Community of Practice,5.0,2.0,2022.0,27888.0,0,0,2.4,https://www.globallivingwage.org/living-wage-reference-value-urban-honduras/
143,71.0,23,Ghana,"Rural / Cocoa growing areas of Ashanti, Central, Eastern, Western Regions",Living Income Community of Practice,5.0,2.0,2022.0,2324.0,0,0,2.4,https://www.living-income.com/_files/ugd/0c5ab3_ccd80a4924e44ae797ea4c0966c02fc9.pdf
144,71.0,23,Ghana,"Rural / Cocoa growing areas of Ashanti, Central, Eastern, Western Regions",Living Income Community of Practice,5.0,2.0,2024.0,51660.0,0,0,2.4,https://www.living-income.com/fileadmin/living_income/Publications/Actual_Income_and_Gap_Measurement/2024_Update_Report_Ghana_Living_Income_2024.pdf
145,75.0,21,Guatemala,Rural / Central Valley Area,Calculated from  Global Living Wage Coalition,5.0,2.0,2022.0,5081.0,0,0,2.4,https://www.globallivingwage.org/living-wage-benchmarks/rural-guatemala/
146,75.0,21,Guatemala,Rural / Central Valley Area,Calculated from  Global Living Wage Coalition,5.0,2.0,2023.0,63984.0,0,0,2.4,https://globallivingwage.org/living-wage-benchmarks/living-wage-for-rural-andhra-pradesh-india/
147,75.0,21,Guatemala,Rural / Central Valley Area,Calculated from  Global Living Wage Coalition,5.0,2.0,2024.0,66300.0,0,0,2.4,https://www.globallivingwage.org/living-wage-benchmarks/rural-guatemala/
148,75.0,95,Guatemala,Urban /,Calculated from  Global Living Wage Coalition,4.0,2.0,2022.0,7173.63,0,0,2.1,https://globallivingwage.org/reference-value/living-wage-reference-value-urban-guatemala/
149,75.0,69,Guatemala,Urban / Urban Guatemala,Calculated from  Global Living Wage Coalition,4.0,2.0,2023.0,88802.4,0,0,2.1,https://www.globallivingwage.org/living-wage-reference-value-rural-honduras/
150,75.0,69,Guatemala,Urban / Urban Guatemala,Calculated from  Global Living Wage Coalition,4.0,2.0,2024.0,97311.0,0,0,2.1,https://globallivingwage.org/reference-value/living-wage-reference-value-urban-guatemala/
151,80.0,17,Honduras,Rural / All,Calculated from  Global Living Wage Coalition,4.5,2.0,2020.0,10401.6,0,0,2.25,https://www.globallivingwage.org/living-wage-reference-value-rural-honduras/
152,80.0,17,Honduras,Rural / All,Calculated from  Global Living Wage Coalition,4.5,2.0,2023.0,152064.0,0,0,2.25,https://globallivingwage.org/living-wage-benchmarks/rural-madhya-pradesh-india-ratlam-district/
153,80.0,17,Honduras,Rural / All,Calculated from  Global Living Wage Coalition,4.5,2.0,2024.0,161726.4,0,0,2.25,https://globallivingwage.org/reference-value/living-wage-reference-value-for-rural-honduras/
154,80.0,51,Honduras,"Rural coffee-growing regions / Comayagua, Copán, and El Paraíso",New Foresight,4.6,2.0,2023.0,217620.0,0,0,2.28,https://www.globallivingwage.org/living-wage-benchmarks/urban-india/
155,80.0,53,Honduras,Urban / All,Calculated from  Global Living Wage Coalition,4.0,2.0,2022.0,15591.8,0,0,2.1,https://www.globallivingwage.org/living-wage-reference-value-urban-honduras/
156,80.0,53,Honduras,Urban / All,Calculated from  Global Living Wage Coalition,4.0,2.0,2023.0,197586.72,0,0,2.1,https://globallivingwage.org/living-wage-benchmarks/rural-madhya-pradesh-india-chhindwara-district/
157,80.0,53,Honduras,Urban / All,Calculated from  Global Living Wage Coalition,4.0,2.0,2024.0,210135.84,0,0,2.1,https://globallivingwage.org/reference-value/living-wage-reference-value-urban-honduras/
158,84.0,19,India,Rural / Andhra Pradesh,Calculated from  Global Living Wage Coalition,4.0,2.0,2022.0,25269.0,0,0,2.1,https://globallivingwage.org/living-wage-benchmarks/living-wage-for-rural-andhra-pradesh-india/
159,84.0,19,India,Rural / Andhra Pradesh,Calculated from  Global Living Wage Coalition,4.0,2.0,2023.0,318372.0,0,0,2.1,https://www.globallivingwage.org/living-wage-benchmarks/rural-india/
160,84.0,19,India,Rural / Andhra Pradesh,Calculated from  Global Living Wage Coalition,4.0,2.0,2024.0,338112.0,0,0,2.1,https://globallivingwage.org/living-wage-benchmarks/living-wage-for-rural-andhra-pradesh-india/
161,84.0,20,India,"Rural / Bhadohi, Uttar Pradesh",Calculated from  Global Living Wage Coalition,5.0,2.0,2022.0,18525.0,0,0,2.4,https://www.globallivingwage.org/living-wage-benchmarks/rural-india/
162,84.0,20,India,"Rural / Bhadohi, Uttar Pradesh",Calculated from  Global Living Wage Coalition,5.0,2.0,2023.0,235200.0,0,0,2.4,https://globallivingwage.org/living-wage-benchmarks/non-metropolitan-urban-kenya/
163,84.0,20,India,"Rural / Bhadohi, Uttar Pradesh",Calculated from  Global Living Wage Coalition,5.0,2.0,2024.0,249372.0,0,0,2.4,https://www.globallivingwage.org/living-wage-benchmarks/rural-india/
164,84.0,31,India,Rural / Madhya Pradesh/Chhindwara District,Calculated from  Global Living Wage Coalition,4.5,2.0,2022.0,20377.0,0,0,2.25,https://globallivingwage.org/living-wage-benchmarks/rural-madhya-pradesh-india-chhindwara-district/
165,84.0,31,India,Rural / Madhya Pradesh/Chhindwara District,Calculated from  Global Living Wage Coalition,4.5,2.0,2023.0,249588.0,0,0,2.25,https://www.globallivingwage.org/living-wage-benchmarks/rural-nilgiris-tamil-nadu-india/
166,84.0,31,India,Rural / Madhya Pradesh/Chhindwara District,Calculated from  Global Living Wage Coalition,4.5,2.0,2024.0,264336.0,0,0,2.25,https://globallivingwage.org/living-wage-benchmarks/rural-madhya-pradesh-india-chhindwara-district/
167,84.0,32,India,Rural / Madhya Pradesh/Ratlam District,Calculated from  Global Living Wage Coalition,4.5,2.0,2022.0,20377.0,0,0,2.25,https://globallivingwage.org/living-wage-benchmarks/rural-madhya-pradesh-india-ratlam-district/
168,84.0,32,India,Rural / Madhya Pradesh/Ratlam District,Calculated from  Global Living Wage Coalition,4.5,2.0,2023.0,265260.0,0,0,2.25,https://globallivingwage.org/reference-value/living-wage-reference-value-urban-jordan/
169,84.0,32,India,Rural / Madhya Pradesh/Ratlam District,Calculated from  Global Living Wage Coalition,4.5,2.0,2024.0,280944.0,0,0,2.25,https://globallivingwage.org/living-wage-benchmarks/rural-madhya-pradesh-india-ratlam-district/
170,84.0,36,India,"Rural / Rural Nilgiris, Tamil Nadu",Calculated from  Global Living Wage Coalition,4.0,2.0,2022.0,20954.0,0,0,2.1,https://www.globallivingwage.org/living-wage-benchmarks/rural-nilgiris-tamil-nadu-india/
171,84.0,36,India,"Rural / Rural Nilgiris, Tamil Nadu",Calculated from  Global Living Wage Coalition,4.0,2.0,2023.0,270576.0,0,0,2.1,https://www.globallivingwage.org/living-income-reference-value-rural-madagascar/
172,84.0,36,India,"Rural / Rural Nilgiris, Tamil Nadu",Calculated from  Global Living Wage Coalition,4.0,2.0,2024.0,284412.0,0,0,2.1,https://www.globallivingwage.org/living-wage-benchmarks/rural-nilgiris-tamil-nadu-india/
173,84.0,68,India,"Urban / Tiruppur, Tamil Nadu",Calculated from  Global Living Wage Coalition,4.0,2.0,2022.0,25543.0,0,0,2.1,https://www.globallivingwage.org/living-wage-benchmarks/urban-india/
174,84.0,68,India,"Urban / Tiruppur, Tamil Nadu",Calculated from  Global Living Wage Coalition,4.0,2.0,2023.0,328260.0,0,0,2.1,https://globallivingwage.org/living-wage-benchmarks/living-wage-for-rural-kericho-kenya/
175,84.0,68,India,"Urban / Tiruppur, Tamil Nadu",Calculated from  Global Living Wage Coalition,4.0,2.0,2024.0,343200.0,0,0,2.1,https://www.globallivingwage.org/living-wage-benchmarks/urban-india/
176,85.0,76,Indonesia,Rural / Central Sulawesi,Living Income Reference Value,4.0,2.0,2024.0,63258648.0,0,0,2.1,https://www.globallivingwage.org/living-wage-benchmarks/living-income-for-rural-central-sulawesi-indonesia/
177,85.0,79,Indonesia,Rural / Rural Aceh,Living Income Reference Value,4.0,2.0,2024.0,64353828.0,0,0,2.1,https://www.globallivingwage.org/living-wage-benchmarks/living-income-for-rural-aceh-indonesia/
178,85.0,80,Indonesia,Rural / Rural Lampung Province,Living Income Reference Value,4.0,2.0,,63876888.0,0,0,2.1,https://www.globallivingwage.org/living-wage-benchmarks/living-income-report-for-rural-lampung-province-indonesia/
179,85.0,81,Indonesia,"Rural / Rural Rembang, Central Java",Living Income Reference Value,4.0,2.0,2024.0,63984048.0,0,0,2.1,https://www.globallivingwage.org/living-wage-benchmarks/living-income-report-for-rural-rembang-central-java-indonesia/
180,85.0,97,Indonesia,Urban / Urban Banten Province,Calculated from Global Living Wage Coalition,4.0,2.0,2024.0,89779536.0,0,0,2.1,https://www.globallivingwage.org/living-wage-benchmarks/living-wage-report-for-urban-banten-indonesia/
181,85.0,98,Indonesia,Urban / Urban West Java Province (SUBANG AND GARUT),Calculated from Global Living Wage Coalition,4.0,2.0,2024.0,76633944.0,0,0,2.1,https://www.globallivingwage.org/living-wage-benchmarks/living-wage-report-for-urban-west-java-indonesia/
182,93.0,53,Jordan,Urban / All,Calculated from  Global Living Wage Coalition,4.5,2.0,2022.0,487.64,0,0,2.25,https://globallivingwage.org/reference-value/living-wage-reference-value-urban-jordan/
183,93.0,53,Jordan,Urban / All,Calculated from  Global Living Wage Coalition,4.5,2.0,2023.0,5921.76,0,0,2.25,https://www.globallivingwage.org/living-wage-benchmarks/rural-malawi/
184,93.0,53,Jordan,Urban / All,Calculated from  Global Living Wage Coalition,4.5,2.0,2024.0,6517.44,0,0,2.25,https://globallivingwage.org/reference-value/living-wage-reference-value-urban-jordan/
185,95.0,15,Kenya,Non-metropolitan Urban / Lake Naivasha,Calculated from  Global Living Wage Coalition,5.0,2.0,2022.0,48432.0,0,0,2.4,https://globallivingwage.org/living-wage-benchmarks/non-metropolitan-urban-kenya/
186,95.0,15,Kenya,Non-metropolitan Urban / Lake Naivasha,Calculated from  Global Living Wage Coalition,5.0,2.0,2023.0,627012.0,0,0,2.4,https://globallivingwage.org/living-wage-benchmarks/living-wage-for-rural-areas-nayarit-mexico/
187,95.0,15,Kenya,Non-metropolitan Urban / Lake Naivasha,Calculated from  Global Living Wage Coalition,5.0,2.0,2024.0,656112.0,0,0,2.4,https://globallivingwage.org/living-wage-benchmarks/non-metropolitan-urban-kenya/
188,95.0,27,Kenya,Rural / Kericho,Calculated from  Global Living Wage Coalition,5.0,2.0,2022.0,44068.0,0,0,2.4,https://globallivingwage.org/living-wage-benchmarks/living-wage-for-rural-kericho-kenya/
189,95.0,27,Kenya,Rural / Kericho,Calculated from  Global Living Wage Coalition,5.0,2.0,2023.0,570492.0,0,0,2.4,https://globallivingwage.org/living-wage-benchmarks/living-wage-for-rural-areas-yucatan-mexico/
190,95.0,27,Kenya,Rural / Kericho,Calculated from  Global Living Wage Coalition,5.0,2.0,2024.0,596976.0,0,0,2.4,https://globallivingwage.org/living-wage-benchmarks/living-wage-for-rural-kericho-kenya/
191,101.0,17,Lao PDR,Rural / All,Living Income Reference Value,4.5,2.0,2024.0,69199656.0,0,0,2.25,https://www.globallivingwage.org/reference-value/living-income-and-living-wage-reference-value-for-rural-lao-pdr/
192,110.0,17,Madagascar,Rural / All,Global Living Wage Coalition,5.0,2.0,2022.0,580155.0,0,0,2.4,https://www.globallivingwage.org/living-income-reference-value-rural-madagascar/
193,110.0,17,Madagascar,Rural / All,Global Living Wage Coalition,5.0,2.0,2023.0,7823664.0,0,0,2.4,https://www.globallivingwage.org/living-wage-benchmarks/living-wage-for-michoacan-mexico/
194,110.0,17,Madagascar,Rural / All,Global Living Wage Coalition,5.0,2.0,2024.0,8317020.0,0,0,2.4,https://www.globallivingwage.org/reference-value/living-income-reference-value-rural-madagascar/
195,111.0,39,Malawi,Rural / Southern Region,Calculated from  Global Living Wage Coalition,5.0,2.0,2019.0,135461.0,0,0,2.4,https://www.globallivingwage.org/living-wage-benchmarks/rural-malawi/
196,111.0,39,Malawi,Rural / Southern Region,Calculated from  Global Living Wage Coalition,5.0,2.0,2023.0,2836308.0,0,0,2.4,https://www.globallivingwage.org/living-wage-benchmarks/living-wage-for-baja-california-mexico-san-quintin/
197,111.0,39,Malawi,Rural / Southern Region,Calculated from  Global Living Wage Coalition,5.0,2.0,2024.0,3782304.0,0,0,2.4,https://www.globallivingwage.org/living-wage-benchmarks/rural-malawi/
198,118.0,73,Mauritius,All / All,Calculated from Global Living Wage Coalition,4.0,2.0,2024.0,485916.0,0,0,2.1,https://www.globallivingwage.org/living-wage-benchmarks/mauritius/
199,119.0,9,Mexico,Municipality of Ensenada / Baja California,Calculated from Global Living Wage Coalition,4.0,2.0,2022.0,24021.0,0,0,2.1,https://www.globallivingwage.org/living-wage-benchmarks/living-wage-for-baja-california-mexico/
200,119.0,9,Mexico,Municipality of Ensenada / Baja California,Calculated from Global Living Wage Coalition,4.0,2.0,2023.0,323208.0,0,0,2.1,https://www.globallivingwage.org/living-wage-benchmarks/northwest-nicaragua/
201,119.0,9,Mexico,Municipality of Ensenada / Baja California,Calculated from Global Living Wage Coalition,4.0,2.0,2024.0,339288.0,0,0,2.1,https://www.globallivingwage.org/living-wage-benchmarks/living-wage-for-baja-california-mexico/
202,119.0,10,Mexico,Municipality of San Quintín / Baja California,Calculated from Global Living Wage Coalition,4.0,2.0,2022.0,25638.0,0,0,2.1,https://www.globallivingwage.org/living-wage-benchmarks/living-wage-for-baja-california-mexico-san-quintin/
203,119.0,10,Mexico,Municipality of San Quintín / Baja California,Calculated from Global Living Wage Coalition,4.0,2.0,2023.0,302832.0,0,0,2.1,https://globallivingwage.org/living-wage-benchmarks/managua-nicaragua/
204,119.0,10,Mexico,Municipality of San Quintín / Baja California,Calculated from Global Living Wage Coalition,4.0,2.0,2024.0,317892.0,0,0,2.1,https://www.globallivingwage.org/living-wage-benchmarks/living-wage-for-baja-california-mexico-san-quintin/
205,119.0,14,Mexico,"Non-metropolitan Urban & Rural / Michoacán, northwestern regions",Calculated from  Global Living Wage Coalition,4.0,2.0,2022.0,18571.0,0,0,2.1,https://www.globallivingwage.org/living-wage-benchmarks/living-wage-for-michoacan-mexico/
206,119.0,14,Mexico,"Non-metropolitan Urban & Rural / Michoacán, northwestern regions",Calculated from  Global Living Wage Coalition,4.0,2.0,2023.0,235704.0,0,0,2.1,https://globallivingwage.org/living-income-reference-value-rural-mozambique/
207,119.0,14,Mexico,"Non-metropolitan Urban & Rural / Michoacán, northwestern regions",Calculated from  Global Living Wage Coalition,4.0,2.0,2024.0,247440.0,0,0,2.1,https://www.globallivingwage.org/living-wage-benchmarks/living-wage-for-michoacan-mexico/
208,119.0,47,Mexico,Rural Areas and Small Towns / Rural Areas and Small Towns of Nayarit,Calculated from  Global Living Wage Coalition,4.0,2.0,2022.0,17535.0,0,0,2.1,https://globallivingwage.org/living-wage-benchmarks/living-wage-for-rural-areas-nayarit-mexico/
209,119.0,47,Mexico,Rural Areas and Small Towns / Rural Areas and Small Towns of Nayarit,Calculated from  Global Living Wage Coalition,4.0,2.0,2023.0,226752.0,0,0,2.1,https://www.globallivingwage.org/living-wage-reference-value-rural-morocco/
210,119.0,47,Mexico,Rural Areas and Small Towns / Rural Areas and Small Towns of Nayarit,Calculated from  Global Living Wage Coalition,4.0,2.0,2024.0,238032.0,0,0,2.1,https://globallivingwage.org/living-wage-benchmarks/living-wage-for-rural-areas-nayarit-mexico/
211,119.0,72,Mexico,Yucatán / Rural Areas and Small Towns in Yucatan,Calculated from  Global Living Wage Coalition,4.0,2.0,2022.0,17296.0,0,0,2.1,https://globallivingwage.org/living-wage-benchmarks/living-wage-for-rural-areas-yucatan-mexico/
212,119.0,72,Mexico,Yucatán / Rural Areas and Small Towns in Yucatan,Calculated from  Global Living Wage Coalition,4.0,2.0,2023.0,216444.0,0,0,2.1,https://www.globallivingwage.org/living-wage-benchmarks/living-wage-for-baja-california-mexico/
213,119.0,72,Mexico,Yucatán / Rural Areas and Small Towns in Yucatan,Calculated from  Global Living Wage Coalition,4.0,2.0,2024.0,227208.0,0,0,2.1,https://globallivingwage.org/living-wage-benchmarks/living-wage-for-rural-areas-yucatan-mexico/
214,124.0,17,Morocco,Rural / All,Calculated from  Global Living Wage Coalition,4.5,2.0,2022.0,3556.8,0,0,2.25,https://www.globallivingwage.org/living-wage-reference-value-rural-morocco/
215,124.0,17,Morocco,Rural / All,Calculated from  Global Living Wage Coalition,4.5,2.0,2023.0,45040.32,0,0,2.25,https://globallivingwage.org/living-income-reference-value-rural-nigeria/
216,124.0,17,Morocco,Rural / All,Calculated from  Global Living Wage Coalition,4.5,2.0,2024.0,49158.72,0,0,2.25,https://www.globallivingwage.org/reference-value/living-wage-reference-value-rural-morocco/
217,125.0,17,Mozambique,Rural / All,Global Living Wage Coalition,5.5,2.0,2022.0,10652.0,0,0,2.55,https://globallivingwage.org/living-income-reference-value-rural-mozambique/
218,125.0,17,Mozambique,Rural / All,Global Living Wage Coalition,5.5,2.0,2023.0,138804.0,0,0,2.55,https://www.globallivingwage.org/living-wage-benchmarks/rural-pakistan/
219,125.0,17,Mozambique,Rural / All,Global Living Wage Coalition,5.5,2.0,2024.0,138804.0,0,0,2.55,https://www.globallivingwage.org/reference-value/living-income-reference-value-rural-mozambique/
220,129.0,17,Nepal,Rural / All,Global Living Wage Coalition,4.0,2.0,2024.0,364548.0,0,0,2.1,https://www.globallivingwage.org/reference-value/living-wage-and-living-income-reference-value-for-rural-nepal/
221,133.0,52,Nicaragua,Rural-Urban / Northwest,Calculated from  Global Living Wage Coalition,4.0,2.0,2022.0,15901.0,0,0,2.1,https://www.globallivingwage.org/living-wage-benchmarks/northwest-nicaragua/
222,133.0,52,Nicaragua,Rural-Urban / Northwest,Calculated from  Global Living Wage Coalition,4.0,2.0,2023.0,219864.0,0,0,2.1,https://www.globallivingwage.org/living-wage-benchmarks/living-income-for-rural-kp-pakistan/
223,133.0,52,Nicaragua,Rural-Urban / Northwest,Calculated from  Global Living Wage Coalition,4.0,2.0,2024.0,231684.0,0,0,2.1,https://www.globallivingwage.org/living-wage-benchmarks/northwest-nicaragua/
224,133.0,57,Nicaragua,Urban / Managua Free Trade Zone,Calculated from  Global Living Wage Coalition,4.0,2.0,2022.0,20094.0,0,0,2.1,https://globallivingwage.org/living-wage-benchmarks/managua-nicaragua/
225,133.0,57,Nicaragua,Urban / Managua Free Trade Zone,Calculated from  Global Living Wage Coalition,4.0,2.0,2023.0,275940.0,0,0,2.1,https://www.globallivingwage.org/living-wage-benchmarks/urban-pakistan/
226,133.0,57,Nicaragua,Urban / Managua Free Trade Zone,Calculated from  Global Living Wage Coalition,4.0,2.0,2024.0,288348.0,0,0,2.1,https://globallivingwage.org/living-wage-benchmarks/managua-nicaragua/
227,135.0,17,Nigeria,Rural / All,Global Living Wage Coalition,5.0,2.0,2022.0,191909.0,0,0,2.4,https://globallivingwage.org/living-income-reference-value-rural-nigeria/
228,135.0,17,Nigeria,Rural / All,Global Living Wage Coalition,5.0,2.0,2023.0,2795376.0,0,0,2.4,https://globallivingwage.org/reference-value/living-wage-reference-value-rural-panama/
229,140.0,28,Pakistan,Rural / Khyber Pakhtunkhwa (KP),Calculated from Global Living Wage Coalition,6.0,2.0,2022.0,65142.0,0,0,2.7,https://www.globallivingwage.org/living-wage-benchmarks/living-income-for-rural-kp-pakistan/
230,140.0,28,Pakistan,Rural / Khyber Pakhtunkhwa (KP),Calculated from Global Living Wage Coalition,6.0,2.0,2023.0,1035060.0,0,0,2.7,https://globallivingwage.org/resource-library/?fwp_country=peru
231,140.0,28,Pakistan,Rural / Khyber Pakhtunkhwa (KP),Calculated from Global Living Wage Coalition,6.0,2.0,2024.0,1131372.0,0,0,2.7,https://www.globallivingwage.org/living-wage-benchmarks/living-income-for-rural-kp-pakistan/
232,140.0,37,Pakistan,Rural / Sialkot,Calculated from  Global Living Wage Coalition,5.5,2.0,2022.0,49677.0,0,0,2.55,https://www.globallivingwage.org/living-wage-benchmarks/rural-pakistan/
233,140.0,37,Pakistan,Rural / Sialkot,Calculated from  Global Living Wage Coalition,5.5,2.0,2023.0,789324.0,0,0,2.55,https://globallivingwage.org/living-income-reference-value-rural-papua-new-guinea/
234,140.0,37,Pakistan,Rural / Sialkot,Calculated from  Global Living Wage Coalition,5.5,2.0,2024.0,862776.0,0,0,2.55,https://www.globallivingwage.org/living-wage-benchmarks/rural-pakistan/
235,140.0,66,Pakistan,Urban / Sialkot,Calculated from  Global Living Wage Coalition,5.0,2.0,2022.0,52749.0,0,0,2.4,https://www.globallivingwage.org/living-wage-benchmarks/urban-pakistan/
236,140.0,66,Pakistan,Urban / Sialkot,Calculated from  Global Living Wage Coalition,5.0,2.0,2023.0,806040.0,0,0,2.4,https://globallivingwage.org/resource-library/?fwp_country=peru
237,142.0,17,Panama,Rural / All,Calculated from  Global Living Wage Coalition,4.0,2.0,2022.0,897.12,0,0,2.1,https://globallivingwage.org/reference-value/living-wage-reference-value-rural-panama/
238,142.0,17,Panama,Rural / All,Calculated from  Global Living Wage Coalition,4.0,2.0,2023.0,10946.88,0,0,2.1,https://globallivingwage.org/resource-library/?fwp_country=peru
239,142.0,17,Panama,Rural / All,Calculated from  Global Living Wage Coalition,4.0,2.0,2024.0,12398.4,0,0,2.1,https://globallivingwage.org/reference-value/living-wage-reference-value-rural-panama/
240,143.0,17,Papua New Guinea,Rural / All,Global Living Wage Coalition,5.0,2.0,2022.0,1744.0,0,0,2.4,https://globallivingwage.org/living-income-reference-value-rural-papua-new-guinea/
241,143.0,17,Papua New Guinea,Rural / All,Global Living Wage Coalition,5.0,2.0,2023.0,21120.0,0,0,2.4,https://globallivingwage.org/resource-library/?fwp_country=peru
242,143.0,17,Papua New Guinea,Rural / All,Global Living Wage Coalition,5.0,2.0,2024.0,21144.0,0,0,2.4,https://www.globallivingwage.org/reference-value/living-income-reference-value-rural-papua-new-guinea/
243,145.0,17,Peru,Rural / All,Global Living Wage Coalition,5.0,2.0,2022.0,2320.0,0,0,2.4,https://www.globallivingwage.org/living-income-reference-value-rural-peru/
244,145.0,17,Peru,Rural / All,Global Living Wage Coalition,5.0,2.0,2023.0,29700.0,0,0,2.4,https://www.globallivingwage.org/living-wage-reference-value-urban-sri-lanka/
245,145.0,17,Peru,Rural / All,Global Living Wage Coalition,5.0,2.0,2024.0,30264.0,0,0,2.4,https://globallivingwage.org/reference-value/living-income-reference-value-rural-peru/
246,145.0,82,Peru,Rural Areas and Small Towns / All coffee and cocoa growing regions,Global Living Wage Coalition,4.0,2.0,2023.0,2530.0,0,0,2.1,https://globallivingwage.org/resource-library/?fwp_country=peru
247,145.0,44,Peru,Rural Areas and Small Towns / Cajamarca,Global Living Wage Coalition,4.0,2.0,2022.0,25752.0,0,0,2.1,https://www.globallivingwage.org/living-income-reference-value-rural-peru/
248,145.0,44,Peru,Rural Areas and Small Towns / Cajamarca,Global Living Wage Coalition,4.0,2.0,2022.0,2146.0,0,0,2.1,https://globallivingwage.org/resource-library/?fwp_country=peru
249,145.0,45,Peru,Rural Areas and Small Towns / Cusco,Global Living Wage Coalition,4.0,2.0,2022.0,28308.0,0,0,2.1,https://www.globallivingwage.org/living-wage-benchmarks/rural-south-africa/
250,145.0,45,Peru,Rural Areas and Small Towns / Cusco,Global Living Wage Coalition,4.0,2.0,2022.0,2359.0,0,0,2.1,https://globallivingwage.org/resource-library/?fwp_country=peru
251,145.0,46,Peru,Rural Areas and Small Towns / Junín,Global Living Wage Coalition,4.0,2.0,2022.0,25212.0,0,0,2.1,https://www.globallivingwage.org/living-income-reference-value-rural-rwanda/
252,145.0,46,Peru,Rural Areas and Small Towns / Junín,Global Living Wage Coalition,4.0,2.0,2022.0,2101.0,0,0,2.1,https://globallivingwage.org/resource-library/?fwp_country=peru
253,145.0,48,Peru,Rural Areas and Small Towns / Rural coffee and cocoa growing regions,Global Living Wage Coalition,4.0,2.0,2023.0,30360.0,0,0,2.1,https://www.globallivingwage.org/living-wage-benchmarks/living-wage-estimate-for-sri-lanka/
254,145.0,48,Peru,Rural Areas and Small Towns / Rural coffee and cocoa growing regions,Global Living Wage Coalition,4.0,2.0,2024.0,30936.0,0,0,2.1,https://globallivingwage.org/living-wage-benchmarks/living-wage-for-rural-areas-of-san-martin-peru/
255,145.0,49,Peru,Rural Areas and Small Towns / San Martín,Global Living Wage Coalition,4.0,2.0,2022.0,28452.0,0,0,2.1,https://globallivingwage.org/resource-library/?fwp_country=peru
256,145.0,49,Peru,Rural Areas and Small Towns / San Martín,Global Living Wage Coalition,4.0,2.0,2022.0,2371.0,0,0,2.1,https://globallivingwage.org/resource-library/?fwp_country=peru
257,146.0,26,Philippines,Rural / Ilocos Sur Province,Calculated from  Global Living Wage Coalition,4.5,2.0,2022.0,24742.0,0,0,2.25,https://globallivingwage.org/living-wage-benchmarks/living-wage-for-rural-ilocos-philippines/
258,146.0,26,Philippines,Rural / Ilocos Sur Province,Calculated from  Global Living Wage Coalition,4.5,2.0,2023.0,301980.0,0,0,2.25,https://www.globallivingwage.org/living-income-reference-value-rural-tanzania/
259,146.0,26,Philippines,Rural / Ilocos Sur Province,Global Living Wage Coalition,4.5,2.0,2024.0,313440.0,0,0,2.25,https://globallivingwage.org/living-wage-benchmarks/living-wage-for-rural-ilocos-philippines/
260,153.0,17,Rwanda,Rural / All,Global Living Wage Coalition,5.0,2.0,2022.0,221932.0,0,0,2.4,https://www.globallivingwage.org/living-income-reference-value-rural-rwanda/
261,153.0,17,Rwanda,Rural / All,Global Living Wage Coalition,5.0,2.0,2023.0,3332088.0,0,0,2.4,https://globallivingwage.org/reference-value/living-wage-reference-value-urban-tanzania/
262,153.0,17,Rwanda,Rural / All,Global Living Wage Coalition,5.0,2.0,2024.0,3369324.0,0,0,2.4,https://www.globallivingwage.org/reference-value/living-income-reference-value-rural-rwanda/
263,153.0,43,Rwanda,Rural / coffee-producing households in the Western province,New Foresight,5.4,2.0,2023.0,2565276.0,0,0,2.52,https://www.globallivingwage.org/living-wage-reference-value-urban-thailand/
264,167.0,40,South Africa,Rural / Western Cape Province,Calculated from  Global Living Wage Coalition,4.5,2.0,2022.0,7916.0,0,0,2.25,https://www.globallivingwage.org/living-wage-benchmarks/rural-south-africa/
265,167.0,40,South Africa,Rural / Western Cape Province,Calculated from  Global Living Wage Coalition,4.5,2.0,2023.0,104304.0,0,0,2.25,https://globallivingwage.org/living-wage-benchmarks/living-wage-for-rural-ilocos-philippines/
266,167.0,40,South Africa,Rural / Western Cape Province,Calculated from  Global Living Wage Coalition,4.5,2.0,2024.0,108924.0,0,0,2.25,https://www.globallivingwage.org/living-wage-benchmarks/rural-south-africa/
267,170.0,25,Sri Lanka,Rural / Estate Sector,Calculated from  Global Living Wage Coalition,4.5,2.0,2022.0,68839.0,0,0,2.25,https://www.globallivingwage.org/living-wage-benchmarks/living-wage-estimate-for-sri-lanka/
268,170.0,25,Sri Lanka,Rural / Estate Sector,Calculated from  Global Living Wage Coalition,4.5,2.0,2023.0,915192.0,0,0,2.25,https://www.globallivingwage.org/living-wage-reference-value-rural-tunisia/
269,170.0,25,Sri Lanka,Rural / Estate Sector,Calculated from  Global Living Wage Coalition,4.5,2.0,2024.0,936804.0,0,0,2.25,https://www.globallivingwage.org/living-wage-benchmarks/living-wage-estimate-for-sri-lanka/
270,170.0,53,Sri Lanka,Urban / All,Global Living Wage Coalition,4.0,2.0,2022.0,123987.2,0,0,2.1,https://www.globallivingwage.org/living-wage-reference-value-urban-sri-lanka/
271,170.0,53,Sri Lanka,Urban / All,Calculated from Global Living Wage Coalition,4.0,2.0,2023.0,2013465.6,0,0,2.1,https://www.globallivingwage.org/living-income-reference-value-rural-turkey/
272,170.0,53,Sri Lanka,Urban / All,Calculated from Global Living Wage Coalition,4.0,2.0,2024.0,2226105.6,0,0,2.1,https://globallivingwage.org/reference-value/living-wage-reference-value-urban-sri-lanka/
273,179.0,17,Tanzania,Rural / All,Global Living Wage Coalition,5.5,2.0,2022.0,495629.0,0,0,2.55,https://www.globallivingwage.org/living-income-reference-value-rural-tanzania/
274,179.0,17,Tanzania,Rural / All,Global Living Wage Coalition,5.5,2.0,2023.0,6159132.0,0,0,2.55,https://www.globallivingwage.org/living-wage-reference-value-urban-turkey/
275,179.0,17,Tanzania,Rural / All,Global Living Wage Coalition,5.5,2.0,2024.0,6349680.0,0,0,2.55,https://www.globallivingwage.org/reference-value/living-income-reference-value-rural-tanzania/
276,179.0,53,Tanzania,Urban / All,Calculated from  Global Living Wage Coalition,5.0,2.0,2022.0,660700.43,0,0,2.4,https://globallivingwage.org/reference-value/living-wage-reference-value-urban-tanzania/
277,179.0,53,Tanzania,Urban / All,Calculated from  Global Living Wage Coalition,5.0,2.0,2023.0,8210459.4,0,0,2.4,https://www.globallivingwage.org/living-wage-benchmarks/living-wage-for-lake-victoria-basin-uganda/
278,179.0,53,Tanzania,Urban / All,Calculated from  Global Living Wage Coalition,5.0,2.0,2024.0,9788304.24,0,0,2.4,https://globallivingwage.org/reference-value/living-wage-reference-value-urban-tanzania/
279,180.0,53,Thailand,Urban / All,Calculated from  Global Living Wage Coalition,4.0,2.0,2022.0,24285.6,0,0,2.1,https://www.globallivingwage.org/living-wage-reference-value-urban-thailand/
280,180.0,53,Thailand,Urban / All,Calculated from  Global Living Wage Coalition,4.0,2.0,2023.0,292096.8,0,0,2.1,https://www.globallivingwage.org/living-wage-benchmarks/rural-vietnam/
281,180.0,53,Thailand,Urban / All,Calculated from  Global Living Wage Coalition,4.0,2.0,2024.0,309398.4,0,0,2.1,https://www.globallivingwage.org/reference-value/living-wage-reference-value-urban-thailand/
282,182.0,17,Togo,Rural / All,Global Living Wage Coalition,5.5,2.0,2023.0,1790472.0,0,0,2.55,https://www.globallivingwage.org/living-wage-benchmarks/urban-vietnam/
283,182.0,17,Togo,Rural / All,Global Living Wage Coalition,5.5,2.0,2024.0,1866420.0,0,0,2.55,https://www.globallivingwage.org/reference-value/living-income-reference-value-for-rural-togo/
284,182.0,42,Togo,Rural / coffee-producing households in the Wawa prefecture,New Foresight,5.7,2.0,2023.0,2971452.0,0,0,2.61,https://globallivingwage.org/reference-value/living-wage-reference-value%e2%81%a0-rural-zimbabwe/
285,182.0,53,Togo,Urban / All,Calculated from Global Living Wage Coalition,5.0,2.0,2023.0,2385090.24,0,0,2.4,https://globallivingwage.org/reference-value/living-wage-reference-value%e2%81%a0-rural-zambia/
286,182.0,53,Togo,Urban / All,Calculated from Global Living Wage Coalition,5.0,2.0,2024.0,2603424.72,0,0,2.4,https://www.globallivingwage.org/reference-value/living-wage-reference-value-for-urban-togo/
287,185.0,17,Tunisia,Rural / All,Calculated from  Global Living Wage Coalition,4.5,2.0,2020.0,967.98,0,0,2.25,https://www.globallivingwage.org/living-wage-reference-value-rural-tunisia/
288,185.0,17,Tunisia,Rural / All,Calculated from  Global Living Wage Coalition,4.5,2.0,2023.0,14506.56,0,0,2.25,
289,185.0,17,Tunisia,Rural / All,Calculated from  Global Living Wage Coalition,4.5,2.0,2024.0,18974.16,0,0,2.25,https://www.globallivingwage.org/reference-value/living-wage-reference-value-rural-tunisia/
290,186.0,17,Turkey,Rural / All,Global Living Wage Coalition,4.0,2.0,2020.0,3551.0,0,0,2.1,https://www.globallivingwage.org/living-income-reference-value-rural-turkey/
291,186.0,17,Turkey,Rural / All,Global Living Wage Coalition,4.0,2.0,2023.0,123636.0,0,0,2.1,
292,186.0,53,Turkey,Urban / All,Calculated from  Global Living Wage Coalition,4.0,2.0,2021.0,5707.8,0,0,2.1,https://www.globallivingwage.org/living-wage-reference-value-urban-turkey/
293,186.0,53,Turkey,Urban / All,Calculated from  Global Living Wage Coalition,4.0,2.0,2023.0,169095.84,0,0,2.1,
294,190.0,29,Uganda,Rural / Lake Victoria Basin,Calculated from  Global Living Wage Coalition,5.0,2.0,2022.0,1102589.0,0,0,2.4,https://www.globallivingwage.org/living-wage-benchmarks/living-wage-for-lake-victoria-basin-uganda/
295,190.0,29,Uganda,Rural / Lake Victoria Basin,Calculated from  Global Living Wage Coalition,5.0,2.0,2023.0,13878528.0,0,0,2.4,
296,190.0,29,Uganda,Rural / Lake Victoria Basin,Calculated from  Global Living Wage Coalition,5.0,2.0,2024.0,14423256.0,0,0,2.4,https://www.globallivingwage.org/living-wage-benchmarks/living-wage-for-lake-victoria-basin-uganda/
297,199.0,78,Vietnam,Rural / Economic Zone 4,Calculated from  Global Living Wage Coalition,4.0,2.0,2020.0,7729194.0,0,0,2.1,https://www.globallivingwage.org/living-wage-benchmarks/rural-vietnam/
298,199.0,33,Vietnam,Rural / Minimum Wage Region 4,Calculated from Global Living Wage Coalition,4.0,2.0,2023.0,121875948.0,0,0,2.1,
299,199.0,33,Vietnam,Rural / Minimum Wage Region 4,Calculated from Global Living Wage Coalition,4.0,2.0,2024.0,127290192.0,0,0,2.1,https://www.globallivingwage.org/living-wage-benchmarks/living-wage-report-for-minimum-wage-region-4-vietnam/
300,199.0,96,Vietnam,Urban / Ho Chi Minh City,Calculated from  Global Living Wage Coalition,4.0,2.0,2020.0,11862692.0,0,0,2.1,https://www.globallivingwage.org/living-wage-benchmarks/urban-vietnam/
301,199.0,59,Vietnam,Urban / Minimum Wage Region 1,Calculated from Global Living Wage Coalition,4.0,2.0,2023.0,160856628.0,0,0,2.1,
302,199.0,59,Vietnam,Urban / Minimum Wage Region 1,Calculated from Global Living Wage Coalition,4.0,2.0,2024.0,167665596.0,0,0,2.1,https://www.globallivingwage.org/living-wage-benchmarks/living-wage-for-minimum-wage-region-1-vietnam/
303,199.0,60,Vietnam,Urban / Minimum Wage Region 2,Calculated from Global Living Wage Coalition,4.0,2.0,2023.0,147362616.0,0,0,2.1,
304,199.0,60,Vietnam,Urban / Minimum Wage Region 2,Calculated from Global Living Wage Coalition,4.0,2.0,2024.0,153600396.0,0,0,2.1,https://www.globallivingwage.org/living-wage-benchmarks/living-wage-for-minimum-wage-region-2-vietnam/
305,199.0,61,Vietnam,Urban / Minimum Wage Region 3,Calculated from Global Living Wage Coalition,4.0,2.0,2023.0,143111172.0,0,0,2.1,
306,199.0,61,Vietnam,Urban / Minimum Wage Region 3,Calculated from Global Living Wage Coalition,4.0,2.0,2024.0,149168988.0,0,0,2.1,https://www.globallivingwage.org/living-wage-benchmarks/living-wage-for-minimum-wage-region-3-vietnam/
307,202.0,17,Zambia,Rural / All,Calculated from  Global Living Wage Coalition,6.0,2.0,2022.0,4107.84,0,0,2.7,https://globallivingwage.org/reference-value/living-wage-reference-value%e2%81%a0-rural-zambia/
308,202.0,17,Zambia,Rural / All,Calculated from  Global Living Wage Coalition,6.0,2.0,2023.0,54109.44,0,0,2.7,
309,202.0,17,Zambia,Rural / All,Calculated from  Global Living Wage Coalition,6.0,2.0,2024.0,66337.92,0,0,2.7,https://globallivingwage.org/reference-value/living-wage-reference-value%e2%81%a0-rural-zambia/
310,203.0,17,Zimbabwe,Rural / All,Calculated from  Global Living Wage Coalition,5.0,2.0,2022.0,364.0,0,0,2.4,https://globallivingwage.org/reference-value/living-wage-reference-value%e2%81%a0-rural-zimbabwe/
311,203.0,17,Zimbabwe,Rural / All,Calculated from  Global Living Wage Coalition,5.0,2.0,2023.0,4368.0,0,0,2.4,
312,203.0,17,Zimbabwe,Rural / All,Calculated from  Global Living Wage Coalition,5.0,2.0,2024.0,5439.0,0,0,2.4,https://globallivingwage.org/reference-value/living-wage-reference-value%e2%81%a0-rural-zimbabwe/
