"","country","region","source","household_size","nr_adults","year","LCU","household_equiv","links","USD","EUR"
"1","Angola","Rural /  coffee-producing households in
Cuanza Sul province","New Foresight",7.5,2,2023,4474488,3.15,"https://www.globallivingwage.org/living-wage-reference-value-non-metropolitan-urban-argentina/",NA,NA
"2","Argentina","Non-Metropolitan Urban /  All","Calculated from Global Living Wage Coalition",4,2,2024,17222513.28,2.1,"https://www.globallivingwage.org/reference-value/living-wage-reference-value-non-metropolitan-urban-argentina/",NA,NA
"3","Argentina","Rural /  All","Global Living Wage Coalition",4,2,2024,11841900,2.1,"https://www.globallivingwage.org/reference-value/living-income-reference-value-rural-argentina/",NA,NA
"4","Argentina","Non-Metropolitan Urban /  All","Calculated from Global Living Wage Coalition",4,2,2023,3847528.08,2.1,"https://globallivingwage.org/living-income-reference-value-rural-argentina/",NA,NA
"5","Argentina","Rural /  All","Global Living Wage Coalition",4,2,2023,3187332,2.1,"https://www.globallivingwage.org/living-wage-benchmarks/urban-bangladesh-surrounding-dhaka/",NA,NA
"6","Argentina","Non-Metropolitan Urban / All","Calculated from Global Living Wage Coalition",4,2,2022,1784672.64,2.1,"https://www.globallivingwage.org/living-wage-reference-value-non-metropolitan-urban-argentina/",NA,NA
"7","Argentina","Rural / All","Global Living Wage Coalition",4,2,2022,1478436,2.1,"https://globallivingwage.org/living-income-reference-value-rural-argentina/",NA,NA
"8","Bangladesh","Urban /  Satellite Cities","Calculated from Global Living Wage Coalition",4,2,2024,437988,2.1,"https://www.globallivingwage.org/living-wage-benchmarks/urban-bangladesh-surrounding-dhaka/",NA,NA
"9","Bangladesh","Urban /  Dhaka City","Calculated from Global Living Wage Coalition",4,2,2024,528972,2.1,"https://www.globallivingwage.org/living-wage-benchmarks/urban-bangladesh/",NA,NA
"10","Bangladesh","Urban /  Satellite Cities","Calculated from Global Living Wage Coalition",4,2,2023,399708,2.1,"https://www.globallivingwage.org/living-wage-benchmarks/urban-bangladesh-surrounding-dhaka/",NA,NA
"11","Bangladesh","Urban /  Dhaka City","Calculated from Global Living Wage Coalition",4,2,2023,482736,2.1,"https://www.globallivingwage.org/living-wage-benchmarks/living-wage-for-rural-belize/",NA,NA
"12","Bangladesh","Urban / Satellite Cities","Calculated from Global Living Wage Coalition",4,2,2022,364896,2.1,"https://www.globallivingwage.org/living-wage-benchmarks/urban-bangladesh-surrounding-dhaka/",NA,NA
"13","Bangladesh","Urban / Dhaka City","Calculated from Global Living Wage Coalition",4,2,2022,440688,2.1,"https://www.globallivingwage.org/living-wage-benchmarks/urban-bangladesh-surrounding-dhaka/",NA,NA
"14","Belize","Rural /  All","Calculated from Global Living Wage Coalition",4,2,2024,19656,2.1,"https://www.globallivingwage.org/living-wage-benchmarks/living-wage-for-rural-belize/",NA,NA
"15","Belize","Rural /  All","Calculated from Global Living Wage Coalition",4,2,2023,18936,2.1,"https://www.globallivingwage.org/living-wage-benchmarks/urban-brazil/",NA,NA
"16","Belize","Rural / All","Calculated from Global Living Wage Coalition",4,2,2022,17724,2.1,"https://www.globallivingwage.org/living-wage-benchmarks/living-wage-for-rural-belize/",NA,NA
"17","Brazil","Urban /  Minas Gerais South/Southwestern Region","Calculated from Global Living Wage Coalition",4,2,2024,48516,2.1,"https://www.globallivingwage.org/living-wage-benchmarks/urban-brazil/",NA,NA
"18","Brazil","Non-metropolitan /  State of São Paulo, non-metropolitan areas","Calculated from Global Living Wage Coalition",4,2,2024,58428,2.1,"https://www.globallivingwage.org/living-wage-benchmarks/living-wage-for-non-metropolitan-brazil/",NA,NA
"19","Brazil","State of Rio Grande do Sul /  RS01","Global Living Wage Coalition Living income estimate",4,2,2024,55020,2.1,"https://globallivingwage.org/subnational-estimates/living-wage-and-living-income-sub-national-estimates-for-the-state-of-rio-grande-do-sul/",NA,NA
"20","Brazil","State of Rio Grande do Sul /  RS02","Global Living Wage Coalition Living income estimate",4,2,2024,61836,2.1,"https://globallivingwage.org/subnational-estimates/living-wage-and-living-income-sub-national-estimates-for-the-state-of-rio-grande-do-sul/",NA,NA
"21","Brazil","State of Rio Grande do Sul /  RS03","Global Living Wage Coalition Living income estimate",4,2,2024,67044,2.1,"https://globallivingwage.org/subnational-estimates/living-wage-and-living-income-sub-national-estimates-for-the-state-of-rio-grande-do-sul/",NA,NA
"22","Brazil","State of Rio Grande do Sul /  RS04","Global Living Wage Coalition Living income estimate",4,2,2024,83340,2.1,"https://globallivingwage.org/subnational-estimates/living-wage-and-living-income-sub-national-estimates-for-the-state-of-rio-grande-do-sul/",NA,NA
"23","Brazil","State of Santa Catarina /  SC01","Global Living Wage Coalition Living income estimate",4,2,2024,47868,2.1,"https://globallivingwage.org/subnational-estimates/living-wage-and-living-income-sub-national-estimates-for-the-state-of-rio-grande-do-sul/",NA,NA
"24","Brazil","State of Santa Catarina /  SC02","Global Living Wage Coalition Living income estimate",4,2,2024,58896,2.1,"https://globallivingwage.org/subnational-estimates/living-wage-and-living-income-sub-national-estimates-for-the-state-of-santa-catarina/",NA,NA
"25","Brazil","State of Santa Catarina /  SC03","Global Living Wage Coalition Living income estimate",4,2,2024,62472,2.1,"https://globallivingwage.org/subnational-estimates/living-wage-and-living-income-sub-national-estimates-for-the-state-of-santa-catarina/",NA,NA
"26","Brazil","State of São Paulo /  SP01","Global Living Wage Coalition Living income estimate",4,2,2024,51372,2.1,"https://globallivingwage.org/subnational-estimates/living-wage-and-living-income-sub-national-estimates-for-the-state-of-sao-paulo//",NA,NA
"27","Brazil","State of São Paulo /  SP02","Global Living Wage Coalition Living income estimate",4,2,2024,55608,2.1,"https://globallivingwage.org/subnational-estimates/living-wage-and-living-income-sub-national-estimates-for-the-state-of-sao-paulo//",NA,NA
"28","Brazil","State of São Paulo /  SP03","Global Living Wage Coalition Living income estimate",4,2,2024,60060,2.1,"https://globallivingwage.org/subnational-estimates/living-wage-and-living-income-sub-national-estimates-for-the-state-of-sao-paulo//",NA,NA
"29","Brazil","State of São Paulo /  SP04","Global Living Wage Coalition Living income estimate",4,2,2024,63756,2.1,"https://globallivingwage.org/subnational-estimates/living-wage-and-living-income-sub-national-estimates-for-the-state-of-sao-paulo//",NA,NA
"30","Brazil","State of São Paulo /  SP05","Global Living Wage Coalition Living income estimate",4,2,2024,71580,2.1,"https://globallivingwage.org/subnational-estimates/living-wage-and-living-income-sub-national-estimates-for-the-state-of-sao-paulo//",NA,NA
"31","Brazil","Non-capital State /  Piauí","Global Living Wage Coalition Living income estimate",4,2,2024,41784,2.1,"https://globallivingwage.org/subnational-estimates/living-wage-and-living-income-sub-national-estimates-for-non-capital-state-of-piaui-brazil/",NA,NA
"32","Brazil","Ceará /  North/Northwest/Sertões Region","Global Living Wage Coalition Living income estimate",4,2,2024,34896,2.1,"https://globallivingwage.org/subnational-estimates/living-wage-and-living-income-sub-national-estimates-for-the-north-northwest-and-sertoes-regions-state-of-ceara-brazil/",NA,NA
"33","Brazil","Rural /  Central-Eastern Rio Grande do Sul","Global Living Wage Coalition Living income estimate",4,2,2024,62856,2.1,"https://globallivingwage.org/living-wage-benchmarks/living-income-report-for-rural-central-eastern-rio-grande-do-sul-brazil/",NA,NA
"34","Brazil","Urban /  Minas Gerais South/Southwestern Region","Calculated from Global Living Wage Coalition",4,2,2023,46788,2.1,"https://www.globallivingwage.org/living-wage-benchmarks/living-wage-for-non-metropolitan-brazil/",NA,NA
"35","Brazil","Non-metropolitan /  State of São Paulo, non-metropolitan areas","Calculated from Global Living Wage Coalition",4,2,2023,56340,2.1,"https://globallivingwage.org/resource-library/?fwp_country=brazil",NA,NA
"36","Brazil","Coffee or Cocoa growing regions /  Northwest Espírito Santo","Global Living Wage Coalition Living income estimate",4,2,2021,39396,2.1,"https://globallivingwage.org/resource-library/?fwp_country=brazil",NA,NA
"37","Brazil","Cocoa growing regions /  South Bahia","Global Living Wage Coalition Living income estimate",4,2,2021,32028,2.1,"https://globallivingwage.org/resource-library/?fwp_country=brazil",NA,NA
"38","Brazil","Cocoa growing regions /  East
Rondônia","Global Living Wage Coalition Living income estimate",4,2,2021,35964,2.1,"https://globallivingwage.org/resource-library/?fwp_country=brazil",NA,NA
"39","Brazil","Cocoa growing regions /  Southeast
Pará","Global Living Wage Coalition Living income estimate",4,2,2021,39288,2.1,"https://globallivingwage.org/resource-library/?fwp_country=brazil",NA,NA
"40","Brazil","Cocoa growing regions /  Southwest
Pará","Global Living Wage Coalition Living income estimate",4,2,2021,39288,2.1,"https://globallivingwage.org/resource-library/?fwp_country=brazil",NA,NA
"41","Brazil","Cocoa growing regions /  Belém and the
metropolitan
area","Global Living Wage Coalition Living income estimate",4,2,2021,41952,2.1,"https://globallivingwage.org/resource-library/?fwp_country=brazil",NA,NA
"42","Brazil","Coffee growing regions /  Zona da Mata
mineira","Global Living Wage Coalition Living income estimate",4,2,2021,39396,2.1,"https://globallivingwage.org/resource-library/?fwp_country=brazil",NA,NA
"43","Brazil","Coffee growing regions /  Triângulo Mineiro/Alto Paranaíba","Global Living Wage Coalition Living income estimate",4,2,2021,47040,2.1,"https://www.globallivingwage.org/living-income-reference-value%e2%81%a0-rural-burkina-faso/",NA,NA
"44","Brazil","Urban / Minas Gerais South/Southwestern Region","Calculated from Global Living Wage Coalition",4,2,2022,45012,2.1,"https://www.globallivingwage.org/living-wage-benchmarks/urban-brazil/",NA,NA
"45","Brazil","Non-metropolitan / State of São Paulo, non-metropolitan areas","Calculated from Global Living Wage Coalition",4,2,2022,54204,2.1,"https://www.globallivingwage.org/living-wage-benchmarks/living-wage-for-non-metropolitan-brazil/",NA,NA
"46","Burkina Faso","Rural /  All","Global Living Wage Coalition",5.5,2,2024,1284072,2.55,"https://www.globallivingwage.org/reference-value/living-income-reference-value%e2%81%a0-rural-burkina-faso/",NA,NA
"47","Burkina Faso","Rural /  All","Global Living Wage Coalition",5.5,2,2023,1253232,2.55,"https://www.globallivingwage.org/living-wage-reference-value-urban-cambodia/",NA,NA
"48","Burkina Faso","Rural / All","Global Living Wage Coalition",5.5,2,2022,1263180,2.55,"https://www.globallivingwage.org/living-income-reference-value%e2%81%a0-rural-burkina-faso/",NA,NA
"49","Cambodia","Urban /  All","Calculated from Global Living Wage Coalition",4,2,2024,20616120,2.1,"https://www.globallivingwage.org/living-wage-reference-value-urban-cambodia/",NA,NA
"50","Cambodia","Urban /  All","Calculated from Global Living Wage Coalition",4,2,2023,20062857.6,2.1,"https://www.globallivingwage.org/wp-content/uploads/2022/10/Cameroon-Living-Income-Update-2022-FV-09262022.pdf",NA,NA
"51","Cambodia","Urban / All","Global Living Wage Coalition",4,2,2022,20056528.8,2.1,"https://www.globallivingwage.org/living-wage-reference-value-urban-cambodia/",NA,NA
"52","Cameroon","Urban /  All","Calculated from Global Living Wage Coalition",5,2,2024,3736444.8,2.4,"https://www.globallivingwage.org/reference-value/living-wage-reference-value-for-urban-cameroon/",NA,NA
"53","Cameroon","Rural /  All","Global Living Wage Coalition",5.5,2,2024,2284272,2.55,"https://www.globallivingwage.org/reference-value/living-income-reference-value-rural-cameroon/",NA,NA
"54","Cameroon","Urban /  All","Calculated from Global Living Wage Coalition",5,2,2023,2936807.04,2.4,"https://www.globallivingwage.org/reference-value/living-wage-reference-value-rural-chad/",NA,NA
"55","Cameroon","Rural /  All","Global Living Wage Coalition",5.5,2,2023,2188188,2.55,"https://www.globallivingwage.org/living-wage-reference-value-non-metropolitan-urban-chile/",NA,NA
"56","Cameroon","Rural / All","Global Living Wage Coalition",5.5,2,2022,2028144,2.55,"https://www.globallivingwage.org/wp-content/uploads/2022/10/Cameroon-Living-Income-Update-2022-FV-09262022.pdf",NA,NA
"57","Chad","Rural /  All","Calculated from  Global Living Wage Coalition",6,2,2024,1847885.76,2.7,"https://www.globallivingwage.org/reference-value/living-wage-reference-value-rural-chad/",NA,NA
"58","Chad","Rural /  All","Calculated from  Global Living Wage Coalition",6,2,2023,1561533.12,2.7,"https://www.globallivingwage.org/living-wage-benchmarks/living-wage-for-zhengzhou-china/",NA,NA
"59","Chad","Rural / All","Calculated from  Global Living Wage Coalition",6,2,2022,1415836.8,2.7,"https://www.globallivingwage.org/reference-value/living-wage-reference-value-rural-chad/",NA,NA
"60","Chile","Non-Metropolitan Urban /  All","Calculated from  Global Living Wage Coalition",4,2,2024,16553416.8,2.1,"https://www.globallivingwage.org/reference-value/living-wage-reference-value-non-metropolitan-urban-chile/",NA,NA
"61","Chile","Non-Metropolitan Urban /  All","Calculated from  Global Living Wage Coalition",4,2,2023,13154328,2.1,"https://www.globallivingwage.org/living-wage-benchmarks/urban-chengdu-china/",NA,NA
"62","Chile","Non-Metropolitan Urban / All","Calculated from  Global Living Wage Coalition",4,2,2022,12229596,2.1,"https://www.globallivingwage.org/living-wage-reference-value-non-metropolitan-urban-chile/",NA,NA
"63","China","Urban /  Zhengzhou","Calculated from  Global Living Wage Coalition",3.5,2,2024,60096,1.95,"https://www.globallivingwage.org/living-wage-benchmarks/living-wage-for-zhengzhou-china/",NA,NA
"64","China","Urban /  Chengdu","Calculated from  Global Living Wage Coalition",3.5,2,2024,52476,1.95,"https://www.globallivingwage.org/living-wage-benchmarks/urban-chengdu-china/",NA,NA
"65","China","Urban /  Hangzhou","Calculated from  Global Living Wage Coalition",3.5,2,2024,83544,1.95,"https://www.globallivingwage.org/living-wage-benchmarks/urban-hangzhou-china/",NA,NA
"66","China","Urban /  Shanghai","Calculated from  Global Living Wage Coalition",3.5,2,2024,90444,1.95,"https://www.globallivingwage.org/living-wage-benchmarks/urban-shanghai-china/",NA,NA
"67","China","Urban /  Shenzhen","Calculated from  Global Living Wage Coalition",3.5,2,2024,61872,1.95,"https://www.globallivingwage.org/living-wage-benchmarks/urban-shenzhen-china/",NA,NA
"68","China","Urban /  Suzhou","Calculated from Global Living Wage Coalition",3.5,2,2024,77808,1.95,"https://www.globallivingwage.org/living-wage-benchmarks/urban-suzhou-china/",NA,NA
"69","China","Urban /  Zhengzhou","Calculated from  Global Living Wage Coalition",3.5,2,2023,59940,1.95,"https://www.globallivingwage.org/living-wage-benchmarks/urban-hangzhou-china/",NA,NA
"70","China","Urban /  Chengdu","Calculated from  Global Living Wage Coalition",3.5,2,2023,52476,1.95,"https://www.globallivingwage.org/living-wage-benchmarks/urban-shanghai-china/",NA,NA
"71","China","Urban /  Hangzhou","Calculated from  Global Living Wage Coalition",3.5,2,2023,83256,1.95,"https://www.globallivingwage.org/living-wage-benchmarks/urban-shenzhen-china/",NA,NA
"72","China","Urban /  Shanghai","Calculated from  Global Living Wage Coalition",3.5,2,2023,90120,1.95,"https://www.globallivingwage.org/living-wage-benchmarks/urban-suzhou-china/",NA,NA
"73","China","Urban /  Shenzhen","Calculated from  Global Living Wage Coalition",3.5,2,2023,61716,1.95,"https://www.globallivingwage.org/living-wage-benchmarks/living-wage-for-rural-areas-small-towns-colombia/",NA,NA
"74","China","Urban /  Suzhou","Calculated from Global Living Wage Coalition",3.5,2,2023,77172,1.95,"https://www.globallivingwage.org/living-wage-benchmarks/living-wage-for-caribbean-coast-of-colombia/",NA,NA
"75","China","Urban / Zhengzhou","Calculated from  Global Living Wage Coalition",3.5,2,2022,60864,1.95,"https://www.globallivingwage.org/living-wage-benchmarks/living-wage-for-zhengzhou-china/",NA,NA
"76","China","Urban / Chengdu","Calculated from  Global Living Wage Coalition",3.5,2,2022,52368,1.95,"https://www.globallivingwage.org/living-wage-benchmarks/urban-chengdu-china/",NA,NA
"77","China","Urban / Hangzhou","Calculated from  Global Living Wage Coalition",3.5,2,2022,83532,1.95,"https://www.globallivingwage.org/living-wage-benchmarks/urban-hangzhou-china/",NA,NA
"78","China","Urban / Shanghai","Calculated from  Global Living Wage Coalition",3.5,2,2022,89988,1.95,"https://www.globallivingwage.org/living-wage-benchmarks/urban-shanghai-china/",NA,NA
"79","China","Urban / Shenzhen","Calculated from  Global Living Wage Coalition",3.5,2,2022,61500,1.95,"https://www.globallivingwage.org/living-wage-benchmarks/urban-shenzhen-china/",NA,NA
"80","China","Urban / Suzhou","Calculated from Global Living Wage Coalition",3.5,2,2022,77328,1.95,"https://www.globallivingwage.org/living-wage-benchmarks/urban-suzhou-china/",NA,NA
"81","Colombia","Rural /  Rural Areas and Small Towns","Calculated from Global Living Wage Coalition",4,2,2024,39027648,2.1,"https://www.globallivingwage.org/living-wage-benchmarks/living-wage-for-rural-areas-small-towns-colombia/",NA,NA
"82","Colombia","Urban-Rural /  Caribbean coast","Calculated from  Global Living Wage Coalition",4,2,2024,40177212,2.1,"https://www.globallivingwage.org/living-wage-benchmarks/living-wage-for-caribbean-coast-of-colombia/",NA,NA
"83","Colombia","Rural /  Rural Areas and Small Towns","Calculated from Global Living Wage Coalition",4,2,2023,36414552,2.1,"https://www.globallivingwage.org/living-wage-benchmarks/rural-costa-rica-limon-and-heredia-provinces/",NA,NA
"84","Colombia","Urban-Rural /  Caribbean coast","Calculated from  Global Living Wage Coalition",4,2,2023,37487148,2.1,"https://www.globallivingwage.org/living-wage-reference-value-rural-cote-divoire/",NA,NA
"85","Colombia","Rural / Rural Areas and Small Towns","Global Living Wage Coalition",4,2,2022,32475864,2.1,"https://www.globallivingwage.org/living-wage-benchmarks/living-wage-for-rural-areas-small-towns-colombia/",NA,NA
"86","Colombia","Urban-Rural / Caribbean coast","Calculated from  Global Living Wage Coalition",4,2,2022,33432432,2.1,"https://www.globallivingwage.org/living-wage-benchmarks/living-wage-for-caribbean-coast-of-colombia/",NA,NA
"87","Congo","Rural /  Congo/Congo Brazzaville","Calculated from  Global Living Wage Coalition",5.5,2,2024,2480407.2,2.55,"https://www.globallivingwage.org/reference-value/living-wage-reference-value%e2%81%a0-rural-republic-of-congo/",NA,NA
"88","Congo, Dem. Rep.","Rural /  All/ Congo Kinshasa","Living Income Reference Value",6,2,2023,5843748,2.7,"https://www.globallivingwage.org/living-wage-benchmarks/living-wage-for-rural-ecuador/",NA,NA
"89","Congo, Dem. Rep.","Rural / All/ Congo Kinshasa","Living Income Reference Value",6,2,2022,405685,2.7,"https://www.globallivingwage.org/living-income-reference-value-rural-democratic-republic-of-congo/",NA,NA
"90","Congo, Rep.","Rural /  Congo/Congo Brazzaville","Calculated from  Global Living Wage Coalition",5.5,2,2023,2281006.08,2.55,"https://www.globallivingwage.org/living-wage-benchmarks/rural-dominican-republic/",NA,NA
"91","Congo, Rep.","Rural / Congo/Congo Brazzaville","Calculated from  Global Living Wage Coalition",5.5,2,2022,2191564.44,2.55,"https://www.globallivingwage.org/reference-value/living-wage-reference-value%e2%81%a0-rural-republic-of-congo/",NA,NA
"92","Costa Rica","Rural /  Limón and Heredia Provinces","Calculated from  Global Living Wage Coalition",4,2,2024,8180976,2.1,"https://www.globallivingwage.org/living-wage-benchmarks/rural-costa-rica-limon-and-heredia-provinces/",NA,NA
"93","Costa Rica","Rural /  Limón and Heredia Provinces","Calculated from  Global Living Wage Coalition",4,2,2023,8183556,2.1,"https://www.living-income.com/_files/ugd/0c5ab3_9aef39b2ef654ab6a8f7bc4dd2bdb026.pdf",NA,NA
"94","Cote d'Ivoire","Rural /  All","Calculated from  Global Living Wage Coalition",5.5,2,2023,2559764.76,2.55,"https://www.globallivingwage.org/reference-value/living-wage-reference-value%e2%81%a0-rural-republic-of-congo/",NA,NA
"95","Cote d'Ivoire","Rural /  Cocoa growing areas","Living Income Community of Practice",6,2,2022,3587796,2.7,"https://www.globallivingwage.org/living-income-reference-value-rural-democratic-republic-of-congo/",NA,NA
"96","Cote d'Ivoire","Rural / All","Calculated from  Global Living Wage Coalition",5.5,2,2022,2424853.2,2.55,"https://www.globallivingwage.org/living-wage-reference-value-rural-cote-divoire/",NA,NA
"97","Côte d'Ivoire","Rural /  All","Calculated from  Global Living Wage Coalition",5.5,2,2024,2876207.04,2.55,"https://www.globallivingwage.org/living-wage-reference-value-rural-cote-divoire/",NA,NA
"98","Côte d'Ivoire","Rural /  Cocoa growing areas","Living Income Community of Practice",6,2,2024,3887292,2.7,"https://www.living-income.com/fileadmin/living_income/Publications/Actual_Income_and_Gap_Measurement/2024_Update_Report_Cote_dIvoire_Living_Income_2024.pdf",NA,NA
"99","Democratic Republic of Congo","Rural /  All/ Congo Kinshasa","Living Income Reference Value",6,2,2024,7054464,2.7,"https://www.globallivingwage.org/reference-value/living-income-reference-value-rural-democratic-republic-of-congo/",NA,NA
"100","Dominican Republic","Urban /  Santo Domingo","Calculated from Global Living Wage Coalition",4,2,2024,731004,2.1,"https://www.globallivingwage.org/living-wage-benchmarks/living-wage-for-santo-domingo-dominican-republic/",NA,NA
"101","Dominican Republic","Rural /  Northern Region","Calculated from Global Living Wage Coalition",4,2,2024,535164,2.1,"https://www.globallivingwage.org/living-wage-benchmarks/rural-dominican-republic/",NA,NA
"102","Dominican Republic","Urban /  Santo Domingo","Calculated from Global Living Wage Coalition",4,2,2023,706524,2.1,"https://www.globallivingwage.org/living-wage-reference-value-rural-egypt/",NA,NA
"103","Dominican Republic","Rural /  Northern Region","Calculated from Global Living Wage Coalition",4,2,2023,518496,2.1,"https://globallivingwage.org/reference-value/living-wage-reference-value-urban-el-salvador/",NA,NA
"104","Dominican Republic","Rural / Northern Region","Calculated from Global Living Wage Coalition",4,2,2022,374016,2.1,"https://www.globallivingwage.org/living-wage-benchmarks/rural-dominican-republic/",NA,NA
"105","East Timor","Rural /  All","Living Income Reference Value",5,2,2024,3816,2.4,"https://www.globallivingwage.org/reference-value/living-income-and-living-wage-reference-value-for-rural-east-timor/",NA,NA
"106","Ecuador","Rural /  Southern Coastal Region","Calculated from  Global Living Wage Coalition",4,2,2024,8796,2.1,"https://www.globallivingwage.org/living-wage-benchmarks/living-wage-for-rural-ecuador/",NA,NA
"107","Ecuador","Rural /  Southern Coastal Region","Calculated from  Global Living Wage Coalition",4,2,2023,8688,2.1,"https://globallivingwage.org/reference-value/living-wage-reference-value-rural-el-salvador/",NA,NA
"108","Ecuador","Rural / Southern Coastal Region","Calculated from  Global Living Wage Coalition",4,2,2022,8544,2.1,"https://www.globallivingwage.org/living-wage-benchmarks/living-wage-for-rural-ecuador/",NA,NA
"109","Egypt","Rural /  All","Calculated from  Global Living Wage Coalition",5,2,2024,161549.64,2.4,"https://www.globallivingwage.org/reference-value/living-wage-reference-value-rural-egypt/",NA,NA
"110","Egypt, Arab Rep.","Rural /  All","Calculated from  Global Living Wage Coalition",5,2,2023,109021.68,2.4,"https://globallivingwage.org/resource-library/?fwp_country=ethiopia",NA,NA
"111","Egypt, Arab Rep.","Rural / All","Calculated from  Global Living Wage Coalition",5,2,2022,79627.32,2.4,"https://www.globallivingwage.org/living-wage-reference-value-rural-egypt/",NA,NA
"112","El Salvador","Urban /  All","Calculated from  Global Living Wage Coalition",4,2,2024,10239.84,2.1,"https://globallivingwage.org/reference-value/living-wage-reference-value-urban-el-salvador/",NA,NA
"113","El Salvador","Rural /  All","Calculated from  Global Living Wage Coalition",4.5,2,2024,7880.04,2.25,"https://globallivingwage.org/reference-value/living-wage-reference-value-rural-el-salvador/",NA,NA
"114","El Salvador","Urban /  All","Calculated from  Global Living Wage Coalition",4,2,2023,9060.48,2.1,"https://www.globallivingwage.org/living-wage-benchmarks/non-metropolitan-urban-ethiopia/",NA,NA
"115","El Salvador","Rural /  All","Calculated from  Global Living Wage Coalition",4.5,2,2023,6964.2,2.25,"https://www.globallivingwage.org/living-wage-reference-value%e2%81%a0-rural-and-urban-gabon/",NA,NA
"116","El Salvador","Urban / All","Calculated from  Global Living Wage Coalition",4,2,2022,8723.52,2.1,"https://globallivingwage.org/reference-value/living-wage-reference-value-urban-el-salvador/",NA,NA
"117","El Salvador","Rural / All","Calculated from  Global Living Wage Coalition",4.5,2,2022,6716.16,2.25,"https://globallivingwage.org/reference-value/living-wage-reference-value-rural-el-salvador/",NA,NA
"118","Ethiopia","Non-Metropolitan Urban /  Ziway Region","Calculated from  Global Living Wage Coalition",5,2,2024,245772,2.4,"https://www.globallivingwage.org/living-wage-benchmarks/non-metropolitan-urban-ethiopia/",NA,NA
"119","Ethiopia","Non-Metropolitan Urban /  Ziway Region","Calculated from  Global Living Wage Coalition",5,2,2023,204984,2.4,"https://www.globallivingwage.org/living-wage-benchmarks/ghana/",NA,NA
"120","Ethiopia","Rural Guji zone / Oromia Region","Global Living Wage Coalition",4.88,2,2021,102528,2.364,"https://globallivingwage.org/resource-library/?fwp_country=ethiopia",NA,NA
"121","Ethiopia","Non-Metropolitan Urban / Ziway Region","Calculated from  Global Living Wage Coalition",5,2,2022,155940,2.4,"https://www.globallivingwage.org/living-wage-benchmarks/non-metropolitan-urban-ethiopia/",NA,NA
"122","Gabon","Urban /  All","Calculated from  Global Living Wage Coalition",5,2,2024,5989836.6,2.4,"https://globallivingwage.org/reference-value/living-wage-reference-value%e2%81%a0-urban-gabon/",NA,NA
"123","Gabon","Rural /  All","Calculated from  Global Living Wage Coalition",5,2,2024,4520498.4,2.4,"https://globallivingwage.org/reference-value/living-wage-reference-value%e2%81%a0-rural-gabon/",NA,NA
"124","Gabon","Urban /  All","Calculated from  Global Living Wage Coalition",5,2,2023,5380887.6,2.4,"https://www.living-income.com/_files/ugd/0c5ab3_ccd80a4924e44ae797ea4c0966c02fc9.pdf",NA,NA
"125","Gabon","Rural /  All","Calculated from  Global Living Wage Coalition",5,2,2023,4060940.4,2.4,"https://globallivingwage.org/reference-value/living-wage-reference-value-urban-guatemala/",NA,NA
"126","Gabon","Urban / All","Calculated from  Global Living Wage Coalition",5,2,2022,4963721.4,2.4,"https://www.globallivingwage.org/living-wage-reference-value%e2%81%a0-rural-and-urban-gabon/",NA,NA
"127","Gabon","Rural / All","Calculated from  Global Living Wage Coalition",5,2,2022,3746100.6,2.4,"https://www.globallivingwage.org/living-wage-reference-value%e2%81%a0-rural-and-urban-gabon/",NA,NA
"128","Ghana","Peri-Urban /  Lower Volta Region","Calculated from  Global Living Wage Coalition",4.5,2,2024,60660,2.25,"https://www.globallivingwage.org/living-wage-benchmarks/ghana/",NA,NA
"129","Ghana","Rural /  Cocoa growing areas of Ashanti, Central, Eastern, Western Regions","Living Income Community of Practice",5,2,2024,51660,2.4,"https://www.living-income.com/fileadmin/living_income/Publications/Actual_Income_and_Gap_Measurement/2024_Update_Report_Ghana_Living_Income_2024.pdf",NA,NA
"130","Ghana","Peri-Urban /  Lower Volta Region","Calculated from  Global Living Wage Coalition",4.5,2,2023,49416,2.25,"https://www.globallivingwage.org/living-wage-benchmarks/rural-guatemala/",NA,NA
"131","Ghana","Peri-Urban / Lower Volta Region","Calculated from  Global Living Wage Coalition",4.5,2,2022,36396,2.25,"https://www.globallivingwage.org/living-wage-benchmarks/ghana/",NA,NA
"132","Ghana","Rural / Cocoa growing areas of Ashanti, Central, Eastern, Western Regions","Living Income Community of Practice",5,2,2022,27888,2.4,"https://www.living-income.com/_files/ugd/0c5ab3_ccd80a4924e44ae797ea4c0966c02fc9.pdf",NA,NA
"133","Guatemala","Urban /  Urban Guatemala","Calculated from  Global Living Wage Coalition",4,2,2024,97311,2.1,"https://globallivingwage.org/reference-value/living-wage-reference-value-urban-guatemala/",NA,NA
"134","Guatemala","Rural /  Central Valley Area","Calculated from  Global Living Wage Coalition",5,2,2024,66300,2.4,"https://www.globallivingwage.org/living-wage-benchmarks/rural-guatemala/",NA,NA
"135","Guatemala","Urban /  Urban Guatemala","Calculated from  Global Living Wage Coalition",4,2,2023,88802.4,2.1,"https://www.globallivingwage.org/living-wage-reference-value-rural-honduras/",NA,NA
"136","Guatemala","Rural /  Central Valley Area","Calculated from  Global Living Wage Coalition",5,2,2023,63984,2.4,"https://globallivingwage.org/living-wage-benchmarks/living-wage-for-rural-andhra-pradesh-india/",NA,NA
"137","Guatemala","Urban / ","Calculated from  Global Living Wage Coalition",4,2,2022,86083.56,2.1,"https://globallivingwage.org/reference-value/living-wage-reference-value-urban-guatemala/",NA,NA
"138","Guatemala","Rural / Central Valley Area","Calculated from  Global Living Wage Coalition",5,2,2022,60972,2.4,"https://www.globallivingwage.org/living-wage-benchmarks/rural-guatemala/",NA,NA
"139","Honduras","Urban /  All","Calculated from  Global Living Wage Coalition",4,2,2024,210135.84,2.1,"https://globallivingwage.org/reference-value/living-wage-reference-value-urban-honduras/",NA,NA
"140","Honduras","Rural /  All","Calculated from  Global Living Wage Coalition",4.5,2,2024,161726.4,2.25,"https://globallivingwage.org/reference-value/living-wage-reference-value-for-rural-honduras/",NA,NA
"141","Honduras","Urban /  All","Calculated from  Global Living Wage Coalition",4,2,2023,197586.72,2.1,"https://globallivingwage.org/living-wage-benchmarks/rural-madhya-pradesh-india-chhindwara-district/",NA,NA
"142","Honduras","Rural /  All","Calculated from  Global Living Wage Coalition",4.5,2,2023,152064,2.25,"https://globallivingwage.org/living-wage-benchmarks/rural-madhya-pradesh-india-ratlam-district/",NA,NA
"143","Honduras","Rural coffee-growing regions /  Comayagua, Copán, and El Paraíso","New Foresight",4.6,2,2023,217620,2.28,"https://www.globallivingwage.org/living-wage-benchmarks/urban-india/",NA,NA
"144","Honduras","Urban / All","Calculated from  Global Living Wage Coalition",4,2,2022,187101.6,2.1,"https://www.globallivingwage.org/living-wage-reference-value-urban-honduras/",NA,NA
"145","Honduras","Rural / All","Calculated from  Global Living Wage Coalition",4.5,2,2020,124819.2,2.25,"https://www.globallivingwage.org/living-wage-reference-value-rural-honduras/",NA,NA
"146","India","Rural /  Andhra Pradesh","Calculated from  Global Living Wage Coalition",4,2,2024,338112,2.1,"https://globallivingwage.org/living-wage-benchmarks/living-wage-for-rural-andhra-pradesh-india/",NA,NA
"147","India","Rural /  Madhya Pradesh/Chhindwara District","Calculated from  Global Living Wage Coalition",4.5,2,2024,264336,2.25,"https://globallivingwage.org/living-wage-benchmarks/rural-madhya-pradesh-india-chhindwara-district/",NA,NA
"148","India","Rural /  Madhya Pradesh/Ratlam District","Calculated from  Global Living Wage Coalition",4.5,2,2024,280944,2.25,"https://globallivingwage.org/living-wage-benchmarks/rural-madhya-pradesh-india-ratlam-district/",NA,NA
"149","India","Urban /  Tiruppur, Tamil Nadu","Calculated from  Global Living Wage Coalition",4,2,2024,343200,2.1,"https://www.globallivingwage.org/living-wage-benchmarks/urban-india/",NA,NA
"150","India","Rural /  Bhadohi, Uttar Pradesh","Calculated from  Global Living Wage Coalition",5,2,2024,249372,2.4,"https://www.globallivingwage.org/living-wage-benchmarks/rural-india/",NA,NA
"151","India","Rural /  Rural Nilgiris, Tamil Nadu","Calculated from  Global Living Wage Coalition",4,2,2024,284412,2.1,"https://www.globallivingwage.org/living-wage-benchmarks/rural-nilgiris-tamil-nadu-india/",NA,NA
"152","India","Rural /  Andhra Pradesh","Calculated from  Global Living Wage Coalition",4,2,2023,318372,2.1,"https://www.globallivingwage.org/living-wage-benchmarks/rural-india/",NA,NA
"153","India","Rural /  Madhya Pradesh/Chhindwara District","Calculated from  Global Living Wage Coalition",4.5,2,2023,249588,2.25,"https://www.globallivingwage.org/living-wage-benchmarks/rural-nilgiris-tamil-nadu-india/",NA,NA
"154","India","Rural /  Madhya Pradesh/Ratlam District","Calculated from  Global Living Wage Coalition",4.5,2,2023,265260,2.25,"https://globallivingwage.org/reference-value/living-wage-reference-value-urban-jordan/",NA,NA
"155","India","Urban /  Tiruppur, Tamil Nadu","Calculated from  Global Living Wage Coalition",4,2,2023,328260,2.1,"https://globallivingwage.org/living-wage-benchmarks/living-wage-for-rural-kericho-kenya/",NA,NA
"156","India","Rural /  Bhadohi, Uttar Pradesh","Calculated from  Global Living Wage Coalition",5,2,2023,235200,2.4,"https://globallivingwage.org/living-wage-benchmarks/non-metropolitan-urban-kenya/",NA,NA
"157","India","Rural /  Rural Nilgiris, Tamil Nadu","Calculated from  Global Living Wage Coalition",4,2,2023,270576,2.1,"https://www.globallivingwage.org/living-income-reference-value-rural-madagascar/",NA,NA
"158","India","Rural / Andhra Pradesh","Calculated from  Global Living Wage Coalition",4,2,2022,303228,2.1,"https://globallivingwage.org/living-wage-benchmarks/living-wage-for-rural-andhra-pradesh-india/",NA,NA
"159","India","Rural / Madhya Pradesh/Chhindwara District","Calculated from  Global Living Wage Coalition",4.5,2,2022,244524,2.25,"https://globallivingwage.org/living-wage-benchmarks/rural-madhya-pradesh-india-chhindwara-district/",NA,NA
"160","India","Rural / Madhya Pradesh/Ratlam District","Calculated from  Global Living Wage Coalition",4.5,2,2022,244524,2.25,"https://globallivingwage.org/living-wage-benchmarks/rural-madhya-pradesh-india-ratlam-district/",NA,NA
"161","India","Urban / Tiruppur, Tamil Nadu","Calculated from  Global Living Wage Coalition",4,2,2022,306516,2.1,"https://www.globallivingwage.org/living-wage-benchmarks/urban-india/",NA,NA
"162","India","Rural / Bhadohi, Uttar Pradesh","Calculated from  Global Living Wage Coalition",5,2,2022,222300,2.4,"https://www.globallivingwage.org/living-wage-benchmarks/rural-india/",NA,NA
"163","India","Rural / Rural Nilgiris, Tamil Nadu","Calculated from  Global Living Wage Coalition",4,2,2022,251448,2.1,"https://www.globallivingwage.org/living-wage-benchmarks/rural-nilgiris-tamil-nadu-india/",NA,NA
"164","Indonesia","Rural /  Rural Aceh","Living Income Reference Value",4,2,2024,64353828,2.1,"https://www.globallivingwage.org/living-wage-benchmarks/living-income-for-rural-aceh-indonesia/",NA,NA
"165","Indonesia","Rural /  Rural Rembang, Central Java","Living Income Reference Value",4,2,2024,63984048,2.1,"https://www.globallivingwage.org/living-wage-benchmarks/living-income-report-for-rural-rembang-central-java-indonesia/",NA,NA
"166","Indonesia","Urban /  Urban West Java Province (SUBANG AND GARUT)","Calculated from Global Living Wage Coalition",4,2,2024,76633944,2.1,"https://www.globallivingwage.org/living-wage-benchmarks/living-wage-report-for-urban-west-java-indonesia/",NA,NA
"167","Indonesia","Urban /  Urban Banten Province","Calculated from Global Living Wage Coalition",4,2,2024,89779536,2.1,"https://www.globallivingwage.org/living-wage-benchmarks/living-wage-report-for-urban-banten-indonesia/",NA,NA
"168","Indonesia","Rural /  Rural Lampung Province","Living Income Reference Value",4,2,2024,63876888,2.1,"https://www.globallivingwage.org/living-wage-benchmarks/living-income-report-for-rural-lampung-province-indonesia/",NA,NA
"169","Indonesia","Rural /  Central Sulawesi","Living Income Reference Value",4,2,2024,63258648,2.1,"https://www.globallivingwage.org/living-wage-benchmarks/living-income-for-rural-central-sulawesi-indonesia/",NA,NA
"170","Jordan","Urban /  All","Calculated from  Global Living Wage Coalition",4.5,2,2024,6517.44,2.25,"https://globallivingwage.org/reference-value/living-wage-reference-value-urban-jordan/",NA,NA
"171","Jordan","Urban /  All","Calculated from  Global Living Wage Coalition",4.5,2,2023,5921.76,2.25,"https://www.globallivingwage.org/living-wage-benchmarks/rural-malawi/",NA,NA
"172","Jordan","Urban / All","Calculated from  Global Living Wage Coalition",4.5,2,2022,5851.68,2.25,"https://globallivingwage.org/reference-value/living-wage-reference-value-urban-jordan/",NA,NA
"173","Kenya","Rural /  Kericho","Calculated from  Global Living Wage Coalition",5,2,2024,596976,2.4,"https://globallivingwage.org/living-wage-benchmarks/living-wage-for-rural-kericho-kenya/",NA,NA
"174","Kenya","Non-metropolitan Urban /  Lake Naivasha","Calculated from  Global Living Wage Coalition",5,2,2024,656112,2.4,"https://globallivingwage.org/living-wage-benchmarks/non-metropolitan-urban-kenya/",NA,NA
"175","Kenya","Rural /  Kericho","Calculated from  Global Living Wage Coalition",5,2,2023,570492,2.4,"https://globallivingwage.org/living-wage-benchmarks/living-wage-for-rural-areas-yucatan-mexico/",NA,NA
"176","Kenya","Non-metropolitan Urban /  Lake Naivasha","Calculated from  Global Living Wage Coalition",5,2,2023,627012,2.4,"https://globallivingwage.org/living-wage-benchmarks/living-wage-for-rural-areas-nayarit-mexico/",NA,NA
"177","Kenya","Rural / Kericho","Calculated from  Global Living Wage Coalition",5,2,2022,528816,2.4,"https://globallivingwage.org/living-wage-benchmarks/living-wage-for-rural-kericho-kenya/",NA,NA
"178","Kenya","Non-metropolitan Urban / Lake Naivasha","Calculated from  Global Living Wage Coalition",5,2,2022,581184,2.4,"https://globallivingwage.org/living-wage-benchmarks/non-metropolitan-urban-kenya/",NA,NA
"179","Lao PDR","Rural /  All","Living Income Reference Value",4.5,2,2024,69199656,2.25,"https://www.globallivingwage.org/reference-value/living-income-and-living-wage-reference-value-for-rural-lao-pdr/",NA,NA
"180","Madagascar","Rural /  All","Global Living Wage Coalition",5,2,2024,8317020,2.4,"https://www.globallivingwage.org/reference-value/living-income-reference-value-rural-madagascar/",NA,NA
"181","Madagascar","Rural /  All","Global Living Wage Coalition",5,2,2023,7823664,2.4,"https://www.globallivingwage.org/living-wage-benchmarks/living-wage-for-michoacan-mexico/",NA,NA
"182","Madagascar","Rural / All","Global Living Wage Coalition",5,2,2022,6961860,2.4,"https://www.globallivingwage.org/living-income-reference-value-rural-madagascar/",NA,NA
"183","Malawi","Rural /  Southern Region","Calculated from  Global Living Wage Coalition",5,2,2024,3782304,2.4,"https://www.globallivingwage.org/living-wage-benchmarks/rural-malawi/",NA,NA
"184","Malawi","Rural /  Southern Region","Calculated from  Global Living Wage Coalition",5,2,2023,2836308,2.4,"https://www.globallivingwage.org/living-wage-benchmarks/living-wage-for-baja-california-mexico-san-quintin/",NA,NA
"185","Malawi","Rural / Southern Region","Calculated from  Global Living Wage Coalition",5,2,2019,1625532,2.4,"https://www.globallivingwage.org/living-wage-benchmarks/rural-malawi/",NA,NA
"186","Mauritius","All /  All","Calculated from Global Living Wage Coalition",4,2,2024,485916,2.1,"https://www.globallivingwage.org/living-wage-benchmarks/mauritius/",NA,NA
"187","Mexico","Yucatán /  Rural Areas and Small Towns in Yucatan","Calculated from  Global Living Wage Coalition",4,2,2024,227208,2.1,"https://globallivingwage.org/living-wage-benchmarks/living-wage-for-rural-areas-yucatan-mexico/",NA,NA
"188","Mexico","Rural Areas and Small Towns /  Rural Areas and Small Towns of Nayarit","Calculated from  Global Living Wage Coalition",4,2,2024,238032,2.1,"https://globallivingwage.org/living-wage-benchmarks/living-wage-for-rural-areas-nayarit-mexico/",NA,NA
"189","Mexico","Non-metropolitan Urban & Rural /  Michoacán, northwestern regions","Calculated from  Global Living Wage Coalition",4,2,2024,247440,2.1,"https://www.globallivingwage.org/living-wage-benchmarks/living-wage-for-michoacan-mexico/",NA,NA
"190","Mexico","Municipality of San Quintín /  Baja California","Calculated from Global Living Wage Coalition",4,2,2024,317892,2.1,"https://www.globallivingwage.org/living-wage-benchmarks/living-wage-for-baja-california-mexico-san-quintin/",NA,NA
"191","Mexico","Municipality of Ensenada /  Baja California","Calculated from Global Living Wage Coalition",4,2,2024,339288,2.1,"https://www.globallivingwage.org/living-wage-benchmarks/living-wage-for-baja-california-mexico/",NA,NA
"192","Mexico","Yucatán /  Rural Areas and Small Towns in Yucatan","Calculated from  Global Living Wage Coalition",4,2,2023,216444,2.1,"https://www.globallivingwage.org/living-wage-benchmarks/living-wage-for-baja-california-mexico/",NA,NA
"193","Mexico","Rural Areas and Small Towns /  Rural Areas and Small Towns of Nayarit","Calculated from  Global Living Wage Coalition",4,2,2023,226752,2.1,"https://www.globallivingwage.org/living-wage-reference-value-rural-morocco/",NA,NA
"194","Mexico","Non-metropolitan Urban & Rural /  Michoacán, northwestern regions","Calculated from  Global Living Wage Coalition",4,2,2023,235704,2.1,"https://globallivingwage.org/living-income-reference-value-rural-mozambique/",NA,NA
"195","Mexico","Municipality of San Quintín /  Baja California","Calculated from Global Living Wage Coalition",4,2,2023,302832,2.1,"https://globallivingwage.org/living-wage-benchmarks/managua-nicaragua/",NA,NA
"196","Mexico","Municipality of Ensenada /  Baja California","Calculated from Global Living Wage Coalition",4,2,2023,323208,2.1,"https://www.globallivingwage.org/living-wage-benchmarks/northwest-nicaragua/",NA,NA
"197","Mexico","Yucatán / Rural Areas and Small Towns in Yucatan","Calculated from  Global Living Wage Coalition",4,2,2022,207552,2.1,"https://globallivingwage.org/living-wage-benchmarks/living-wage-for-rural-areas-yucatan-mexico/",NA,NA
"198","Mexico","Rural Areas and Small Towns / Rural Areas and Small Towns of Nayarit","Calculated from  Global Living Wage Coalition",4,2,2022,210420,2.1,"https://globallivingwage.org/living-wage-benchmarks/living-wage-for-rural-areas-nayarit-mexico/",NA,NA
"199","Mexico","Non-metropolitan Urban & Rural / Michoacán, northwestern regions","Calculated from  Global Living Wage Coalition",4,2,2022,222852,2.1,"https://www.globallivingwage.org/living-wage-benchmarks/living-wage-for-michoacan-mexico/",NA,NA
"200","Mexico","Municipality of San Quintín / Baja California","Calculated from Global Living Wage Coalition",4,2,2022,307656,2.1,"https://www.globallivingwage.org/living-wage-benchmarks/living-wage-for-baja-california-mexico-san-quintin/",NA,NA
"201","Mexico","Municipality of Ensenada / Baja California","Calculated from Global Living Wage Coalition",4,2,2022,288252,2.1,"https://www.globallivingwage.org/living-wage-benchmarks/living-wage-for-baja-california-mexico/",NA,NA
"202","Morocco","Rural /  All","Calculated from  Global Living Wage Coalition",4.5,2,2024,49158.72,2.25,"https://www.globallivingwage.org/reference-value/living-wage-reference-value-rural-morocco/",NA,NA
"203","Morocco","Rural /  All","Calculated from  Global Living Wage Coalition",4.5,2,2023,45040.32,2.25,"https://globallivingwage.org/living-income-reference-value-rural-nigeria/",NA,NA
"204","Morocco","Rural / All","Calculated from  Global Living Wage Coalition",4.5,2,2022,42681.6,2.25,"https://www.globallivingwage.org/living-wage-reference-value-rural-morocco/",NA,NA
"205","Mozambique","Rural /  All","Global Living Wage Coalition",5.5,2,2024,138804,2.55,"https://www.globallivingwage.org/reference-value/living-income-reference-value-rural-mozambique/",NA,NA
"206","Mozambique","Rural /  All","Global Living Wage Coalition",5.5,2,2023,138804,2.55,"https://www.globallivingwage.org/living-wage-benchmarks/rural-pakistan/",NA,NA
"207","Mozambique","Rural / All","Global Living Wage Coalition",5.5,2,2022,127824,2.55,"https://globallivingwage.org/living-income-reference-value-rural-mozambique/",NA,NA
"208","Nepal","Rural /  All","Global Living Wage Coalition",4,2,2024,364548,2.1,"https://www.globallivingwage.org/reference-value/living-wage-and-living-income-reference-value-for-rural-nepal/",NA,NA
"209","Nicaragua","Urban /  Managua Free Trade Zone","Calculated from  Global Living Wage Coalition",4,2,2024,288348,2.1,"https://globallivingwage.org/living-wage-benchmarks/managua-nicaragua/",NA,NA
"210","Nicaragua","Rural-Urban /  Northwest","Calculated from  Global Living Wage Coalition",4,2,2024,231684,2.1,"https://www.globallivingwage.org/living-wage-benchmarks/northwest-nicaragua/",NA,NA
"211","Nicaragua","Urban /  Managua Free Trade Zone","Calculated from  Global Living Wage Coalition",4,2,2023,275940,2.1,"https://www.globallivingwage.org/living-wage-benchmarks/urban-pakistan/",NA,NA
"212","Nicaragua","Rural-Urban /  Northwest","Calculated from  Global Living Wage Coalition",4,2,2023,219864,2.1,"https://www.globallivingwage.org/living-wage-benchmarks/living-income-for-rural-kp-pakistan/",NA,NA
"213","Nicaragua","Urban / Managua Free Trade Zone","Calculated from  Global Living Wage Coalition",4,2,2022,241128,2.1,"https://globallivingwage.org/living-wage-benchmarks/managua-nicaragua/",NA,NA
"214","Nicaragua","Rural-Urban / Northwest","Calculated from  Global Living Wage Coalition",4,2,2022,190812,2.1,"https://www.globallivingwage.org/living-wage-benchmarks/northwest-nicaragua/",NA,NA
"215","Nigeria","Rural /  All","Global Living Wage Coalition",5,2,2023,2795376,2.4,"https://globallivingwage.org/reference-value/living-wage-reference-value-rural-panama/",NA,NA
"216","Nigeria","Rural / All","Global Living Wage Coalition",5,2,2022,2302908,2.4,"https://globallivingwage.org/living-income-reference-value-rural-nigeria/",NA,NA
"217","Pakistan","Rural /  Sialkot","Calculated from  Global Living Wage Coalition",5.5,2,2024,862776,2.55,"https://www.globallivingwage.org/living-wage-benchmarks/rural-pakistan/",NA,NA
"218","Pakistan","Rural /  Khyber Pakhtunkhwa (KP)","Calculated from Global Living Wage Coalition",6,2,2024,1131372,2.7,"https://www.globallivingwage.org/living-wage-benchmarks/living-income-for-rural-kp-pakistan/",NA,NA
"219","Pakistan","Rural /  Sialkot","Calculated from  Global Living Wage Coalition",5.5,2,2023,789324,2.55,"https://globallivingwage.org/living-income-reference-value-rural-papua-new-guinea/",NA,NA
"220","Pakistan","Urban /  Sialkot","Calculated from  Global Living Wage Coalition",5,2,2023,806040,2.4,"https://globallivingwage.org/resource-library/?fwp_country=peru",NA,NA
"221","Pakistan","Rural /  Khyber Pakhtunkhwa (KP)","Calculated from Global Living Wage Coalition",6,2,2023,1035060,2.7,"https://globallivingwage.org/resource-library/?fwp_country=peru",NA,NA
"222","Pakistan","Rural / Sialkot","Calculated from  Global Living Wage Coalition",5.5,2,2022,596124,2.55,"https://www.globallivingwage.org/living-wage-benchmarks/rural-pakistan/",NA,NA
"223","Pakistan","Urban / Sialkot","Calculated from  Global Living Wage Coalition",5,2,2022,632988,2.4,"https://www.globallivingwage.org/living-wage-benchmarks/urban-pakistan/",NA,NA
"224","Pakistan","Rural / Khyber Pakhtunkhwa (KP)","Calculated from Global Living Wage Coalition",6,2,2022,781704,2.7,"https://www.globallivingwage.org/living-wage-benchmarks/living-income-for-rural-kp-pakistan/",NA,NA
"225","Panama","Rural /  All","Calculated from  Global Living Wage Coalition",4,2,2024,12398.4,2.1,"https://globallivingwage.org/reference-value/living-wage-reference-value-rural-panama/",NA,NA
"226","Panama","Rural /  All","Calculated from  Global Living Wage Coalition",4,2,2023,10946.88,2.1,"https://globallivingwage.org/resource-library/?fwp_country=peru",NA,NA
"227","Panama","Rural / All","Calculated from  Global Living Wage Coalition",4,2,2022,10765.44,2.1,"https://globallivingwage.org/reference-value/living-wage-reference-value-rural-panama/",NA,NA
"228","Papua New Guinea","Rural /  All","Global Living Wage Coalition",5,2,2024,21144,2.4,"https://www.globallivingwage.org/reference-value/living-income-reference-value-rural-papua-new-guinea/",NA,NA
"229","Papua New Guinea","Rural /  All","Global Living Wage Coalition",5,2,2023,21120,2.4,"https://globallivingwage.org/resource-library/?fwp_country=peru",NA,NA
"230","Papua New Guinea","Rural / All","Global Living Wage Coalition",5,2,2022,20928,2.4,"https://globallivingwage.org/living-income-reference-value-rural-papua-new-guinea/",NA,NA
"231","Peru","Rural Areas and Small Towns /  Rural coffee and cocoa growing regions","Global Living Wage Coalition",4,2,2024,30936,2.1,"https://globallivingwage.org/living-wage-benchmarks/living-wage-for-rural-areas-of-san-martin-peru/",NA,NA
"232","Peru","Rural /  All","Global Living Wage Coalition",5,2,2024,30264,2.4,"https://globallivingwage.org/reference-value/living-income-reference-value-rural-peru/",NA,NA
"233","Peru","Rural Areas and Small Towns /  Rural coffee and cocoa growing regions","Global Living Wage Coalition",4,2,2023,30360,2.1,"https://www.globallivingwage.org/living-wage-benchmarks/living-wage-estimate-for-sri-lanka/",NA,NA
"234","Peru","Rural /  All","Global Living Wage Coalition",5,2,2023,29700,2.4,"https://www.globallivingwage.org/living-wage-reference-value-urban-sri-lanka/",NA,NA
"235","Peru","Rural Areas and Small Towns / San Martín","Global Living Wage Coalition",4,2,2022,28452,2.1,"https://globallivingwage.org/resource-library/?fwp_country=peru",NA,NA
"236","Peru","Rural Areas and Small Towns / Cajamarca","Global Living Wage Coalition",4,2,2022,25752,2.1,"https://globallivingwage.org/resource-library/?fwp_country=peru",NA,NA
"237","Peru","Rural Areas and Small Towns / Junín","Global Living Wage Coalition",4,2,2022,25212,2.1,"https://globallivingwage.org/resource-library/?fwp_country=peru",NA,NA
"238","Peru","Rural Areas and Small Towns / Cusco","Global Living Wage Coalition",4,2,2022,28308,2.1,"https://globallivingwage.org/resource-library/?fwp_country=peru",NA,NA
"239","Peru","Rural Areas and Small Towns / All coffee and cocoa growing regions","Global Living Wage Coalition",4,2,2023,30360,2.1,"https://globallivingwage.org/resource-library/?fwp_country=peru",NA,NA
"240","Peru","Rural / All","Global Living Wage Coalition",5,2,2022,27840,2.4,"https://www.globallivingwage.org/living-income-reference-value-rural-peru/",NA,NA
"241","Philippines","Rural /  Ilocos Sur Province","Global Living Wage Coalition",4.5,2,2024,313440,2.25,"https://globallivingwage.org/living-wage-benchmarks/living-wage-for-rural-ilocos-philippines/",NA,NA
"242","Philippines","Rural /  Ilocos Sur Province","Calculated from  Global Living Wage Coalition",4.5,2,2023,301980,2.25,"https://www.globallivingwage.org/living-income-reference-value-rural-tanzania/",NA,NA
"243","Philippines","Rural / Ilocos Sur Province","Calculated from  Global Living Wage Coalition",4.5,2,2022,296904,2.25,"https://globallivingwage.org/living-wage-benchmarks/living-wage-for-rural-ilocos-philippines/",NA,NA
"244","Rwanda","Rural /  All","Global Living Wage Coalition",5,2,2024,3369324,2.4,"https://www.globallivingwage.org/reference-value/living-income-reference-value-rural-rwanda/",NA,NA
"245","Rwanda","Rural /  All","Global Living Wage Coalition",5,2,2023,3332088,2.4,"https://globallivingwage.org/reference-value/living-wage-reference-value-urban-tanzania/",NA,NA
"246","Rwanda","Rural /  coffee-producing households in
the Western province","New Foresight",5.4,2,2023,2565276,2.52,"https://www.globallivingwage.org/living-wage-reference-value-urban-thailand/",NA,NA
"247","Rwanda","Rural / All","Global Living Wage Coalition",5,2,2022,2663184,2.4,"https://www.globallivingwage.org/living-income-reference-value-rural-rwanda/",NA,NA
"248","South Africa","Rural /  Western Cape Province","Calculated from  Global Living Wage Coalition",4.5,2,2024,108924,2.25,"https://www.globallivingwage.org/living-wage-benchmarks/rural-south-africa/",NA,NA
"249","South Africa","Rural /  Western Cape Province","Calculated from  Global Living Wage Coalition",4.5,2,2023,104304,2.25,"https://globallivingwage.org/living-wage-benchmarks/living-wage-for-rural-ilocos-philippines/",NA,NA
"250","South Africa","Rural / Western Cape Province","Calculated from  Global Living Wage Coalition",4.5,2,2022,94992,2.25,"https://www.globallivingwage.org/living-wage-benchmarks/rural-south-africa/",NA,NA
"251","Sri Lanka","Rural /  Estate Sector","Calculated from  Global Living Wage Coalition",4.5,2,2024,936804,2.25,"https://www.globallivingwage.org/living-wage-benchmarks/living-wage-estimate-for-sri-lanka/",NA,NA
"252","Sri Lanka","Urban /  All","Calculated from Global Living Wage Coalition",4,2,2024,2226105.6,2.1,"https://globallivingwage.org/reference-value/living-wage-reference-value-urban-sri-lanka/",NA,NA
"253","Sri Lanka","Rural /  Estate Sector","Calculated from  Global Living Wage Coalition",4.5,2,2023,915192,2.25,"https://www.globallivingwage.org/living-wage-reference-value-rural-tunisia/",NA,NA
"254","Sri Lanka","Urban /  All","Calculated from Global Living Wage Coalition",4,2,2023,2013465.6,2.1,"https://www.globallivingwage.org/living-income-reference-value-rural-turkey/",NA,NA
"255","Sri Lanka","Rural / Estate Sector","Calculated from  Global Living Wage Coalition",4.5,2,2022,826068,2.25,"https://www.globallivingwage.org/living-wage-benchmarks/living-wage-estimate-for-sri-lanka/",NA,NA
"256","Sri Lanka","Urban / All","Global Living Wage Coalition",4,2,2022,1487846.4,2.1,"https://www.globallivingwage.org/living-wage-reference-value-urban-sri-lanka/",NA,NA
"257","Tanzania","Rural /  All","Global Living Wage Coalition",5.5,2,2024,6349680,2.55,"https://www.globallivingwage.org/reference-value/living-income-reference-value-rural-tanzania/",NA,NA
"258","Tanzania","Urban /  All","Calculated from  Global Living Wage Coalition",5,2,2024,9788304.24,2.4,"https://globallivingwage.org/reference-value/living-wage-reference-value-urban-tanzania/",NA,NA
"259","Tanzania","Rural /  All","Global Living Wage Coalition",5.5,2,2023,6159132,2.55,"https://www.globallivingwage.org/living-wage-reference-value-urban-turkey/",NA,NA
"260","Tanzania","Urban /  All","Calculated from  Global Living Wage Coalition",5,2,2023,8210459.4,2.4,"https://www.globallivingwage.org/living-wage-benchmarks/living-wage-for-lake-victoria-basin-uganda/",NA,NA
"261","Tanzania","Rural / All","Global Living Wage Coalition",5.5,2,2022,5947548,2.55,"https://www.globallivingwage.org/living-income-reference-value-rural-tanzania/",NA,NA
"262","Tanzania","Urban / All","Calculated from  Global Living Wage Coalition",5,2,2022,7928405.16,2.4,"https://globallivingwage.org/reference-value/living-wage-reference-value-urban-tanzania/",NA,NA
"263","Thailand","Urban /  All","Calculated from  Global Living Wage Coalition",4,2,2024,309398.4,2.1,"https://www.globallivingwage.org/reference-value/living-wage-reference-value-urban-thailand/",NA,NA
"264","Thailand","Urban /  All","Calculated from  Global Living Wage Coalition",4,2,2023,292096.8,2.1,"https://www.globallivingwage.org/living-wage-benchmarks/rural-vietnam/",NA,NA
"265","Thailand","Urban / All","Calculated from  Global Living Wage Coalition",4,2,2022,291427.2,2.1,"https://www.globallivingwage.org/living-wage-reference-value-urban-thailand/",NA,NA
"266","Togo","Rural /  All","Global Living Wage Coalition",5.5,2,2024,1866420,2.55,"https://www.globallivingwage.org/reference-value/living-income-reference-value-for-rural-togo/",NA,NA
"267","Togo","Urban /  All","Calculated from Global Living Wage Coalition",5,2,2024,2603424.72,2.4,"https://www.globallivingwage.org/reference-value/living-wage-reference-value-for-urban-togo/",NA,NA
"268","Togo","Rural /  All","Global Living Wage Coalition",5.5,2,2023,1790472,2.55,"https://www.globallivingwage.org/living-wage-benchmarks/urban-vietnam/",NA,NA
"269","Togo","Urban /  All","Calculated from Global Living Wage Coalition",5,2,2023,2385090.24,2.4,"https://globallivingwage.org/reference-value/living-wage-reference-value%e2%81%a0-rural-zambia/",NA,NA
"270","Togo","Rural /  coffee-producing households in
the Wawa prefecture","New Foresight",5.7,2,2023,2971452,2.61,"https://globallivingwage.org/reference-value/living-wage-reference-value%e2%81%a0-rural-zimbabwe/",NA,NA
"271","Tunisia","Rural /  All","Calculated from  Global Living Wage Coalition",4.5,2,2024,18974.16,2.25,"https://www.globallivingwage.org/reference-value/living-wage-reference-value-rural-tunisia/",NA,NA
"272","Tunisia","Rural /  All","Calculated from  Global Living Wage Coalition",4.5,2,2023,14506.56,2.25,NA,NA,NA
"273","Tunisia","Rural / All","Calculated from  Global Living Wage Coalition",4.5,2,2020,11615.76,2.25,"https://www.globallivingwage.org/living-wage-reference-value-rural-tunisia/",NA,NA
"274","Turkey","Rural / All","Global Living Wage Coalition",4,2,2020,42612,2.1,"https://www.globallivingwage.org/living-income-reference-value-rural-turkey/",NA,NA
"275","Turkey","Urban / All","Calculated from  Global Living Wage Coalition",4,2,2021,89766.48,2.1,"https://www.globallivingwage.org/living-wage-reference-value-urban-turkey/",NA,NA
"276","Uganda","Rural /  Lake Victoria Basin","Calculated from  Global Living Wage Coalition",5,2,2024,14423256,2.4,"https://www.globallivingwage.org/living-wage-benchmarks/living-wage-for-lake-victoria-basin-uganda/",NA,NA
"277","Uganda","Rural /  Lake Victoria Basin","Calculated from  Global Living Wage Coalition",5,2,2023,13878528,2.4,NA,NA,NA
"278","Uganda","Rural / Lake Victoria Basin","Calculated from  Global Living Wage Coalition",5,2,2022,13231068,2.4,"https://www.globallivingwage.org/living-wage-benchmarks/living-wage-for-lake-victoria-basin-uganda/",NA,NA
"279","Vietnam","Urban /  Minimum Wage Region 1","Calculated from Global Living Wage Coalition",4,2,2024,167665596,2.1,"https://www.globallivingwage.org/living-wage-benchmarks/living-wage-for-minimum-wage-region-1-vietnam/",NA,NA
"280","Vietnam","Urban /  Minimum Wage Region 2","Calculated from Global Living Wage Coalition",4,2,2024,153600396,2.1,"https://www.globallivingwage.org/living-wage-benchmarks/living-wage-for-minimum-wage-region-2-vietnam/",NA,NA
"281","Vietnam","Urban /  Minimum Wage Region 3","Calculated from Global Living Wage Coalition",4,2,2024,149168988,2.1,"https://www.globallivingwage.org/living-wage-benchmarks/living-wage-for-minimum-wage-region-3-vietnam/",NA,NA
"282","Vietnam","Rural /  Minimum Wage Region 4","Calculated from Global Living Wage Coalition",4,2,2024,127290192,2.1,"https://www.globallivingwage.org/living-wage-benchmarks/living-wage-report-for-minimum-wage-region-4-vietnam/",NA,NA
"283","Vietnam","Urban /  Minimum Wage Region 1","Calculated from Global Living Wage Coalition",4,2,2023,160856628,2.1,NA,NA,NA
"284","Vietnam","Urban /  Minimum Wage Region 2","Calculated from Global Living Wage Coalition",4,2,2023,147362616,2.1,NA,NA,NA
"285","Vietnam","Urban /  Minimum Wage Region 3","Calculated from Global Living Wage Coalition",4,2,2023,143111172,2.1,NA,NA,NA
"286","Vietnam","Rural /  Minimum Wage Region 4","Calculated from Global Living Wage Coalition",4,2,2023,121875948,2.1,NA,NA,NA
"287","Vietnam","Rural / Economic Zone 4","Calculated from  Global Living Wage Coalition",4,2,2020,92750328,2.1,"https://www.globallivingwage.org/living-wage-benchmarks/rural-vietnam/",NA,NA
"288","Vietnam","Urban / Ho Chi Minh City","Calculated from  Global Living Wage Coalition",4,2,2020,142352304,2.1,"https://www.globallivingwage.org/living-wage-benchmarks/urban-vietnam/",NA,NA
"289","Zambia","Rural /  All","Calculated from  Global Living Wage Coalition",6,2,2024,66337.92,2.7,"https://globallivingwage.org/reference-value/living-wage-reference-value%e2%81%a0-rural-zambia/",NA,NA
"290","Zambia","Rural /  All","Calculated from  Global Living Wage Coalition",6,2,2023,54109.44,2.7,"https://globallivingwage.org/reference-value/living-wage-reference-value%e2%81%a0-rural-zambia/",NA,NA
"291","Zambia","Rural / All","Calculated from  Global Living Wage Coalition",6,2,2022,49294.08,2.7,"https://globallivingwage.org/reference-value/living-wage-reference-value%e2%81%a0-rural-zambia/",NA,NA
"292","Zimbabwe","Rural /  All","Calculated from  Global Living Wage Coalition",5,2,2024,5439,2.4,"https://globallivingwage.org/reference-value/living-wage-reference-value%e2%81%a0-rural-zimbabwe/",NA,NA
"293","Zimbabwe","Rural /  All","Calculated from  Global Living Wage Coalition",5,2,2023,4368,2.4,"https://globallivingwage.org/reference-value/living-wage-reference-value%e2%81%a0-rural-zimbabwe/",NA,NA
"294","Zimbabwe","Rural / All","Calculated from  Global Living Wage Coalition",5,2,2022,4368,2.4,"https://globallivingwage.org/reference-value/living-wage-reference-value%e2%81%a0-rural-zimbabwe/",NA,NA
